,date,fever breaks
0,2004-01-04,0.0
1,2004-01-11,4111.284137199787
2,2004-01-18,3181.424936196506
3,2004-01-25,0.0
4,2004-02-01,0.0
5,2004-02-08,0.0
6,2004-02-15,6605.810312774736
7,2004-02-22,0.0
8,2004-02-29,0.0
9,2004-03-07,7672.266799445221
10,2004-03-14,0.0
11,2004-03-21,0.0
12,2004-03-28,0.0
13,2004-04-04,0.0
14,2004-04-11,0.0
15,2004-04-18,3015.3981131748396
16,2004-04-25,0.0
17,2004-05-02,4305.390259966564
18,2004-05-09,0.0
19,2004-05-16,0.0
20,2004-05-23,0.0
21,2004-05-30,0.0
22,2004-06-06,9658.281767556091
23,2004-06-13,0.0
24,2004-06-20,0.0
25,2004-06-27,0.0
26,2004-07-04,0.0
27,2004-07-11,0.0
28,2004-07-18,5744.615000362631
29,2004-07-25,5499.262441011936
30,2004-08-01,0.0
31,2004-08-08,0.0
32,2004-08-15,0.0
33,2004-08-22,0.0
34,2004-08-29,0.0
35,2004-09-05,0.0
36,2004-09-12,0.0
37,2004-09-19,0.0
38,2004-09-26,3828.5785182740537
39,2004-10-03,0.0
40,2004-10-10,0.0
41,2004-10-17,0.0
42,2004-10-24,0.0
43,2004-10-31,0.0
44,2004-11-07,0.0
45,2004-11-14,0.0
46,2004-11-21,0.0
47,2004-11-28,0.0
48,2004-12-05,0.0
49,2004-12-12,0.0
50,2004-12-19,0.0
51,2004-12-26,0.0
52,2005-01-02,0.0
53,2005-01-09,0.0
54,2005-01-16,0.0
55,2005-01-23,0.0
56,2005-01-30,4401.889645157699
57,2005-02-06,0.0
58,2005-02-13,0.0
59,2005-02-20,0.0
60,2005-02-27,0.0
61,2005-03-06,0.0
62,2005-03-13,0.0
63,2005-03-20,2410.31544093093
64,2005-03-27,0.0
65,2005-04-03,0.0
66,2005-04-10,0.0
67,2005-04-17,0.0
68,2005-04-24,0.0
69,2005-05-01,0.0
70,2005-05-08,3372.647252531397
71,2005-05-15,0.0
72,2005-05-22,0.0
73,2005-05-29,0.0
74,2005-06-05,0.0
75,2005-06-12,0.0
76,2005-06-19,3089.513461189835
77,2005-06-26,0.0
78,2005-07-03,0.0
79,2005-07-10,1885.5801635747493
80,2005-07-17,0.0
81,2005-07-24,0.0
82,2005-07-31,0.0
83,2005-08-07,0.0
84,2005-08-14,0.0
85,2005-08-21,0.0
86,2005-08-28,0.0
87,2005-09-04,0.0
88,2005-09-11,0.0
89,2005-09-18,0.0
90,2005-09-25,0.0
91,2005-10-02,0.0
92,2005-10-09,0.0
93,2005-10-16,0.0
94,2005-10-23,0.0
95,2005-10-30,0.0
96,2005-11-06,0.0
97,2005-11-13,0.0
98,2005-11-20,3642.471007626431
99,2005-11-27,0.0
100,2005-12-04,0.0
101,2005-12-11,0.0
102,2005-12-18,0.0
103,2005-12-25,0.0
104,2006-01-01,0.0
105,2006-01-08,0.0
106,2006-01-15,0.0
107,2006-01-22,1836.8145302291543
108,2006-01-29,0.0
109,2006-02-05,0.0
110,2006-02-12,0.0
111,2006-02-19,1949.4315849211919
112,2006-02-26,0.0
113,2006-03-05,0.0
114,2006-03-12,0.0
115,2006-03-19,2799.0159185429093
116,2006-03-26,0.0
117,2006-04-02,0.0
118,2006-04-09,0.0
119,2006-04-16,1819.8741680058065
120,2006-04-23,0.0
121,2006-04-30,0.0
122,2006-05-07,3057.3928229255985
123,2006-05-14,0.0
124,2006-05-21,0.0
125,2006-05-28,1808.3403350002416
126,2006-06-04,0.0
127,2006-06-11,0.0
128,2006-06-18,0.0
129,2006-06-25,0.0
130,2006-07-02,0.0
131,2006-07-09,0.0
132,2006-07-16,1418.8490468812863
133,2006-07-23,1644.997893913192
134,2006-07-30,0.0
135,2006-08-06,0.0
136,2006-08-13,0.0
137,2006-08-20,0.0
138,2006-08-27,0.0
139,2006-09-03,0.0
140,2006-09-10,0.0
141,2006-09-17,2454.9726980493147
142,2006-09-24,0.0
143,2006-10-01,1341.945149431893
144,2006-10-08,0.0
145,2006-10-15,0.0
146,2006-10-22,2601.652177132274
147,2006-10-29,0.0
148,2006-11-05,0.0
149,2006-11-12,0.0
150,2006-11-19,0.0
151,2006-11-26,1845.0970068616205
152,2006-12-03,0.0
153,2006-12-10,1647.3152804192675
154,2006-12-17,0.0
155,2006-12-24,0.0
156,2006-12-31,0.0
157,2007-01-07,0.0
158,2007-01-14,0.0
159,2007-01-21,0.0
160,2007-01-28,2052.1308835481586
161,2007-02-04,0.0
162,2007-02-11,0.0
163,2007-02-18,0.0
164,2007-02-25,0.0
165,2007-03-04,0.0
166,2007-03-11,1981.2003563501478
167,2007-03-18,0.0
168,2007-03-25,0.0
169,2007-04-01,0.0
170,2007-04-08,0.0
171,2007-04-15,0.0
172,2007-04-22,3165.757299156338
173,2007-04-29,0.0
174,2007-05-06,2153.8865968314876
175,2007-05-13,0.0
176,2007-05-20,0.0
177,2007-05-27,1732.545699433462
178,2007-06-03,0.0
179,2007-06-10,1024.0092184793943
180,2007-06-17,0.0
181,2007-06-24,1380.6878612963733
182,2007-07-01,0.0
183,2007-07-08,0.0
184,2007-07-15,0.0
185,2007-07-22,0.0
186,2007-07-29,0.0
187,2007-08-05,0.0
188,2007-08-12,0.0
189,2007-08-19,0.0
190,2007-08-26,0.0
191,2007-09-02,0.0
192,2007-09-09,827.7267263964862
193,2007-09-16,0.0
194,2007-09-23,807.6359921031367
195,2007-09-30,0.0
196,2007-10-07,1727.2292051142454
197,2007-10-14,955.270691487832
198,2007-10-21,0.0
199,2007-10-28,0.0
200,2007-11-04,839.8999611691831
201,2007-11-11,0.0
202,2007-11-18,0.0
203,2007-11-25,1443.9891404077541
204,2007-12-02,0.0
205,2007-12-09,0.0
206,2007-12-16,781.9964152679307
207,2007-12-23,978.3327746678987
208,2007-12-30,0.0
209,2008-01-06,0.0
210,2008-01-13,0.0
211,2008-01-20,0.0
212,2008-01-27,727.988050755325
213,2008-02-03,0.0
214,2008-02-10,0.0
215,2008-02-17,0.0
216,2008-02-24,0.0
217,2008-03-02,0.0
218,2008-03-09,0.0
219,2008-03-16,0.0
220,2008-03-23,0.0
221,2008-03-30,0.0
222,2008-04-06,0.0
223,2008-04-13,0.0
224,2008-04-20,1184.7780490704456
225,2008-04-27,0.0
226,2008-05-04,0.0
227,2008-05-11,0.0
228,2008-05-18,0.0
229,2008-05-25,0.0
230,2008-06-01,0.0
231,2008-06-08,1591.6626560843717
232,2008-06-15,0.0
233,2008-06-22,0.0
234,2008-06-29,0.0
235,2008-07-06,1053.6302451221711
236,2008-07-13,0.0
237,2008-07-20,0.0
238,2008-07-27,0.0
239,2008-08-03,0.0
240,2008-08-10,0.0
241,2008-08-17,0.0
242,2008-08-24,1294.7831761312902
243,2008-08-31,0.0
244,2008-09-07,0.0
245,2008-09-14,0.0
246,2008-09-21,765.8051881192058
247,2008-09-28,0.0
248,2008-10-05,0.0
249,2008-10-12,0.0
250,2008-10-19,0.0
251,2008-10-26,0.0
252,2008-11-02,0.0
253,2008-11-09,0.0
254,2008-11-16,0.0
255,2008-11-23,0.0
256,2008-11-30,0.0
257,2008-12-07,0.0
258,2008-12-14,0.0
259,2008-12-21,0.0
260,2008-12-28,0.0
261,2009-01-04,0.0
262,2009-01-11,0.0
263,2009-01-18,0.0
264,2009-01-25,0.0
265,2009-02-01,0.0
266,2009-02-08,0.0
267,2009-02-15,0.0
268,2009-02-22,0.0
269,2009-03-01,0.0
270,2009-03-08,0.0
271,2009-03-15,0.0
272,2009-03-22,0.0
273,2009-03-29,0.0
274,2009-04-05,0.0
275,2009-04-12,0.0
276,2009-04-19,790.6252595395391
277,2009-04-26,0.0
278,2009-05-03,0.0
279,2009-05-10,0.0
280,2009-05-17,0.0
281,2009-05-24,0.0
282,2009-05-31,0.0
283,2009-06-07,0.0
284,2009-06-14,0.0
285,2009-06-21,0.0
286,2009-06-28,0.0
287,2009-07-05,0.0
288,2009-07-12,0.0
289,2009-07-19,0.0
290,2009-07-26,0.0
291,2009-08-02,0.0
292,2009-08-09,0.0
293,2009-08-16,0.0
294,2009-08-23,0.0
295,2009-08-30,0.0
296,2009-09-06,0.0
297,2009-09-13,0.0
298,2009-09-20,0.0
299,2009-09-27,0.0
300,2009-10-04,0.0
301,2009-10-11,0.0
302,2009-10-18,0.0
303,2009-10-25,0.0
304,2009-11-01,1651.3362841148196
305,2009-11-08,0.0
306,2009-11-15,0.0
307,2009-11-22,0.0
308,2009-11-29,0.0
309,2009-12-06,0.0
310,2009-12-13,494.92373416480376
311,2009-12-20,0.0
312,2009-12-27,0.0
313,2010-01-03,0.0
314,2010-01-10,0.0
315,2010-01-17,0.0
316,2010-01-24,0.0
317,2010-01-31,0.0
318,2010-02-07,0.0
319,2010-02-14,0.0
320,2010-02-21,0.0
321,2010-02-28,0.0
322,2010-03-07,0.0
323,2010-03-14,0.0
324,2010-03-21,0.0
325,2010-03-28,0.0
326,2010-04-04,0.0
327,2010-04-11,0.0
328,2010-04-18,0.0
329,2010-04-25,0.0
330,2010-05-02,0.0
331,2010-05-09,0.0
332,2010-05-16,1132.0981503587548
333,2010-05-23,1182.9007354585697
334,2010-05-30,0.0
335,2010-06-06,0.0
336,2010-06-13,0.0
337,2010-06-20,0.0
338,2010-06-27,0.0
339,2010-07-04,0.0
340,2010-07-11,0.0
341,2010-07-18,0.0
342,2010-07-25,0.0
343,2010-08-01,0.0
344,2010-08-08,0.0
345,2010-08-15,1030.5459585806354
346,2010-08-22,0.0
347,2010-08-29,0.0
348,2010-09-05,0.0
349,2010-09-12,0.0
350,2010-09-19,0.0
351,2010-09-26,1899.485459311306
352,2010-10-03,0.0
353,2010-10-10,0.0
354,2010-10-17,0.0
355,2010-10-24,0.0
356,2010-10-31,0.0
357,2010-11-07,0.0
358,2010-11-14,0.0
359,2010-11-21,0.0
360,2010-11-28,0.0
361,2010-12-05,0.0
362,2010-12-12,0.0
363,2010-12-19,0.0
364,2010-12-26,0.0
365,2011-01-02,0.0
366,2011-01-09,0.0
367,2011-01-16,0.0
368,2011-01-23,0.0
369,2011-01-30,370.1851242833549
370,2011-02-06,0.0
371,2011-02-13,0.0
372,2011-02-20,0.0
373,2011-02-27,380.2334266380822
374,2011-03-06,234.65522448408882
375,2011-03-13,695.4526340402465
376,2011-03-20,0.0
377,2011-03-27,0.0
378,2011-04-03,0.0
379,2011-04-10,0.0
380,2011-04-17,0.0
381,2011-04-24,0.0
382,2011-05-01,0.0
383,2011-05-08,0.0
384,2011-05-15,340.8191193068813
385,2011-05-22,0.0
386,2011-05-29,335.801064713485
387,2011-06-05,0.0
388,2011-06-12,258.5708777545282
389,2011-06-19,0.0
390,2011-06-26,0.0
391,2011-07-03,0.0
392,2011-07-10,0.0
393,2011-07-17,0.0
394,2011-07-24,0.0
395,2011-07-31,471.86745838671914
396,2011-08-07,0.0
397,2011-08-14,0.0
398,2011-08-21,0.0
399,2011-08-28,0.0
400,2011-09-04,0.0
401,2011-09-11,0.0
402,2011-09-18,0.0
403,2011-09-25,0.0
404,2011-10-02,0.0
405,2011-10-09,0.0
406,2011-10-16,782.6554814642068
407,2011-10-23,0.0
408,2011-10-30,0.0
409,2011-11-06,0.0
410,2011-11-13,0.0
411,2011-11-20,0.0
412,2011-11-27,0.0
413,2011-12-04,0.0
414,2011-12-11,0.0
415,2011-12-18,0.0
416,2011-12-25,0.0
417,2012-01-01,0.0
418,2012-01-08,0.0
419,2012-01-15,291.8055015589587
420,2012-01-22,0.0
421,2012-01-29,371.4032300415208
422,2012-02-05,0.0
423,2012-02-12,0.0
424,2012-02-19,0.0
425,2012-02-26,0.0
426,2012-03-04,487.1784041365089
427,2012-03-11,310.33795642064894
428,2012-03-18,0.0
429,2012-03-25,0.0
430,2012-04-01,0.0
431,2012-04-08,0.0
432,2012-04-15,0.0
433,2012-04-22,0.0
434,2012-04-29,0.0
435,2012-05-06,0.0
436,2012-05-13,0.0
437,2012-05-20,0.0
438,2012-05-27,0.0
439,2012-06-03,810.4309030344199
440,2012-06-10,0.0
441,2012-06-17,270.1304544263742
442,2012-06-24,320.66482790687616
443,2012-07-01,0.0
444,2012-07-08,0.0
445,2012-07-15,0.0
446,2012-07-22,0.0
447,2012-07-29,0.0
448,2012-08-05,0.0
449,2012-08-12,0.0
450,2012-08-19,0.0
451,2012-08-26,0.0
452,2012-09-02,0.0
453,2012-09-09,0.0
454,2012-09-16,0.0
455,2012-09-23,0.0
456,2012-09-30,553.4192607639304
457,2012-10-07,0.0
458,2012-10-14,0.0
459,2012-10-21,0.0
460,2012-10-28,0.0
461,2012-11-04,0.0
462,2012-11-11,0.0
463,2012-11-18,0.0
464,2012-11-25,246.75181167329325
465,2012-12-02,254.49956374062026
466,2012-12-09,0.0
467,2012-12-16,148.13589454818563
468,2012-12-23,0.0
469,2012-12-30,0.0
470,2013-01-06,0.0
471,2013-01-13,0.0
472,2013-01-20,0.0
473,2013-01-27,0.0
474,2013-02-03,0.0
475,2013-02-10,0.0
476,2013-02-17,226.35613789459612
477,2013-02-24,0.0
478,2013-03-03,0.0
479,2013-03-10,0.0
480,2013-03-17,181.16753071477387
481,2013-03-24,273.00743008602547
482,2013-03-31,0.0
483,2013-04-07,0.0
484,2013-04-14,277.65049317643695
485,2013-04-21,0.0
486,2013-04-28,0.0
487,2013-05-05,0.0
488,2013-05-12,0.0
489,2013-05-19,0.0
490,2013-05-26,0.0
491,2013-06-02,198.16809129040243
492,2013-06-09,0.0
493,2013-06-16,303.8630181785059
494,2013-06-23,0.0
495,2013-06-30,0.0
496,2013-07-07,0.0
497,2013-07-14,164.91410558282723
498,2013-07-21,0.0
499,2013-07-28,0.0
500,2013-08-04,203.198612241384
501,2013-08-11,0.0
502,2013-08-18,0.0
503,2013-08-25,0.0
504,2013-09-01,0.0
505,2013-09-08,0.0
506,2013-09-15,0.0
507,2013-09-22,0.0
508,2013-09-29,0.0
509,2013-10-06,0.0
510,2013-10-13,0.0
511,2013-10-20,0.0
512,2013-10-27,0.0
513,2013-11-03,0.0
514,2013-11-10,0.0
515,2013-11-17,0.0
516,2013-11-24,0.0
517,2013-12-01,0.0
518,2013-12-08,0.0
519,2013-12-15,0.0
520,2013-12-22,0.0
521,2013-12-29,0.0
522,2014-01-05,0.0
523,2014-01-12,0.0
524,2014-01-19,0.0
525,2014-01-26,0.0
526,2014-02-02,612.9275367559363
527,2014-02-09,0.0
528,2014-02-16,0.0
529,2014-02-23,0.0
530,2014-03-02,0.0
531,2014-03-09,265.9104214615028
532,2014-03-16,0.0
533,2014-03-23,0.0
534,2014-03-30,0.0
535,2014-04-06,0.0
536,2014-04-13,0.0
537,2014-04-20,0.0
538,2014-04-27,192.36432027446347
539,2014-05-04,521.3209656590839
540,2014-05-11,0.0
541,2014-05-18,0.0
542,2014-05-25,0.0
543,2014-06-01,0.0
544,2014-06-08,0.0
545,2014-06-15,0.0
546,2014-06-22,0.0
547,2014-06-29,0.0
548,2014-07-06,0.0
549,2014-07-13,0.0
550,2014-07-20,0.0
551,2014-07-27,0.0
552,2014-08-03,0.0
553,2014-08-10,0.0
554,2014-08-17,0.0
555,2014-08-24,0.0
556,2014-08-31,163.19843717840234
557,2014-09-07,0.0
558,2014-09-14,0.0
559,2014-09-21,0.0
560,2014-09-28,0.0
561,2014-10-05,0.0
562,2014-10-12,0.0
563,2014-10-19,0.0
564,2014-10-26,0.0
565,2014-11-02,0.0
566,2014-11-09,0.0
567,2014-11-16,0.0
568,2014-11-23,0.0
569,2014-11-30,307.6459497123639
570,2014-12-07,0.0
571,2014-12-14,409.80195974078225
572,2014-12-21,248.96148893045452
573,2014-12-28,0.0
574,2015-01-04,275.7698442065385
575,2015-01-11,220.60655914792565
576,2015-01-18,255.92045286432077
577,2015-01-25,0.0
578,2015-02-01,0.0
579,2015-02-08,0.0
580,2015-02-15,0.0
581,2015-02-22,0.0
582,2015-03-01,209.9438402557242
583,2015-03-08,0.0
584,2015-03-15,0.0
585,2015-03-22,0.0
586,2015-03-29,0.0
587,2015-04-05,0.0
588,2015-04-12,0.0
589,2015-04-19,0.0
590,2015-04-26,0.0
591,2015-05-03,0.0
592,2015-05-10,278.26643547466284
593,2015-05-17,0.0
594,2015-05-24,0.0
595,2015-05-31,0.0
596,2015-06-07,0.0
597,2015-06-14,0.0
598,2015-06-21,0.0
599,2015-06-28,179.45207499256747
600,2015-07-05,0.0
601,2015-07-12,0.0
602,2015-07-19,246.01829232675067
603,2015-07-26,235.69879557336432
604,2015-08-02,0.0
605,2015-08-09,0.0
606,2015-08-16,0.0
607,2015-08-23,0.0
608,2015-08-30,364.1529899568994
609,2015-09-06,0.0
610,2015-09-13,384.0805413194521
611,2015-09-20,303.6913299281732
612,2015-09-27,0.0
613,2015-10-04,0.0
614,2015-10-11,0.0
615,2015-10-18,0.0
616,2015-10-25,356.41653109625526
617,2015-11-01,0.0
618,2015-11-08,0.0
619,2015-11-15,0.0
620,2015-11-22,0.0
621,2015-11-29,0.0
622,2015-12-06,0.0
623,2015-12-13,0.0
624,2015-12-20,0.0
625,2015-12-27,0.0
626,2016-01-03,0.0
627,2016-01-10,0.0
628,2016-01-17,0.0
629,2016-01-24,0.0
630,2016-01-31,0.0
631,2016-02-07,0.0
632,2016-02-14,0.0
633,2016-02-21,0.0
634,2016-02-28,90.6155869838177
635,2016-03-06,0.0
636,2016-03-13,0.0
637,2016-03-20,0.0
638,2016-03-27,0.0
639,2016-04-03,0.0
640,2016-04-10,0.0
641,2016-04-17,0.0
642,2016-04-24,0.0
643,2016-05-01,0.0
644,2016-05-08,0.0
645,2016-05-15,0.0
646,2016-05-22,0.0
647,2016-05-29,0.0
648,2016-06-05,0.0
649,2016-06-12,0.0
650,2016-06-19,0.0
651,2016-06-26,0.0
652,2016-07-03,0.0
653,2016-07-10,0.0
654,2016-07-17,0.0
655,2016-07-24,0.0
656,2016-07-31,119.79039055138375
657,2016-08-07,0.0
658,2016-08-14,124.99851067815243
659,2016-08-21,0.0
660,2016-08-28,0.0
661,2016-09-04,0.0
662,2016-09-11,0.0
663,2016-09-18,0.0
664,2016-09-25,0.0
665,2016-10-02,0.0
666,2016-10-09,0.0
667,2016-10-16,0.0
668,2016-10-23,0.0
669,2016-10-30,0.0
670,2016-11-06,95.63481089361683
671,2016-11-13,0.0
672,2016-11-20,0.0
673,2016-11-27,0.0
674,2016-12-04,0.0
675,2016-12-11,102.37741439267293
676,2016-12-18,0.0
677,2016-12-25,0.0
678,2017-01-01,0.0
679,2017-01-08,278.4889572024732
680,2017-01-15,0.0
681,2017-01-22,0.0
682,2017-01-29,0.0
683,2017-02-05,104.31302414877341
684,2017-02-12,0.0
685,2017-02-19,0.0
686,2017-02-26,0.0
687,2017-03-05,498.48735004625314
688,2017-03-12,0.0
689,2017-03-19,100.53709044332746
690,2017-03-26,0.0
691,2017-04-02,0.0
692,2017-04-09,0.0
693,2017-04-16,0.0
694,2017-04-23,0.0
695,2017-04-30,0.0
696,2017-05-07,0.0
697,2017-05-14,0.0
698,2017-05-21,0.0
699,2017-05-28,0.0
700,2017-06-04,0.0
701,2017-06-11,0.0
702,2017-06-18,0.0
703,2017-06-25,106.71048737247915
704,2017-07-02,0.0
705,2017-07-09,0.0
706,2017-07-16,0.0
707,2017-07-23,0.0
708,2017-07-30,0.0
709,2017-08-06,0.0
710,2017-08-13,0.0
711,2017-08-20,122.11187808761741
712,2017-08-27,0.0
713,2017-09-03,0.0
714,2017-09-10,0.0
715,2017-09-17,0.0
716,2017-09-24,95.77308683239974
717,2017-10-01,0.0
718,2017-10-08,0.0
719,2017-10-15,0.0
720,2017-10-22,0.0
721,2017-10-29,0.0
722,2017-11-05,0.0
723,2017-11-12,0.0
724,2017-11-19,84.72358014572895
725,2017-11-26,0.0
726,2017-12-03,0.0
727,2017-12-10,0.0
728,2017-12-17,0.0
729,2017-12-24,0.0
730,2017-12-31,0.0
731,2018-01-07,0.0
732,2018-01-14,0.0
733,2018-01-21,0.0
734,2018-01-28,105.49176802652478
735,2018-02-04,121.35618905324135
736,2018-02-11,0.0
737,2018-02-18,0.0
738,2018-02-25,0.0
739,2018-03-04,87.87255241810485
740,2018-03-11,0.0
741,2018-03-18,193.73304093827426
742,2018-03-25,267.1892859461138
743,2018-04-01,0.0
744,2018-04-08,0.0
745,2018-04-15,0.0
746,2018-04-22,0.0
747,2018-04-29,0.0
748,2018-05-06,0.0
749,2018-05-13,206.5652950820375
750,2018-05-20,114.38659088043109
751,2018-05-27,0.0
752,2018-06-03,0.0
753,2018-06-10,398.99864646151394
754,2018-06-17,148.9717993172506
755,2018-06-24,0.0
756,2018-07-01,125.08853410493994
757,2018-07-08,0.0
758,2018-07-15,0.0
759,2018-07-22,0.0
760,2018-07-29,0.0
761,2018-08-05,0.0
762,2018-08-12,0.0
763,2018-08-19,0.0
764,2018-08-26,0.0
765,2018-09-02,0.0
766,2018-09-09,0.0
767,2018-09-16,180.6167824947149
768,2018-09-23,83.97208606105593
769,2018-09-30,0.0
770,2018-10-07,0.0
771,2018-10-14,0.0
772,2018-10-21,0.0
773,2018-10-28,0.0
774,2018-11-04,0.0
775,2018-11-11,0.0
776,2018-11-18,0.0
777,2018-11-25,198.75169113626947
778,2018-12-02,84.78722497437077
779,2018-12-09,0.0
780,2018-12-16,183.5014427582084
781,2018-12-23,0.0
782,2018-12-30,0.0
783,2019-01-06,185.31703065124748
784,2019-01-13,0.0
785,2019-01-20,0.0
786,2019-01-27,0.0
787,2019-02-03,0.0
788,2019-02-10,0.0
789,2019-02-17,0.0
790,2019-02-24,0.0
791,2019-03-03,0.0
792,2019-03-10,0.0
793,2019-03-17,0.0
794,2019-03-24,0.0
795,2019-03-31,114.87252231546624
796,2019-04-07,0.0
797,2019-04-14,0.0
798,2019-04-21,81.19780921866632
799,2019-04-28,0.0
800,2019-05-05,0.0
801,2019-05-12,0.0
802,2019-05-19,0.0
803,2019-05-26,0.0
804,2019-06-02,437.03771615573396
805,2019-06-09,0.0
806,2019-06-16,168.91651350710643
807,2019-06-23,0.0
808,2019-06-30,0.0
809,2019-07-07,128.26590486247187
810,2019-07-14,92.05352225900492
811,2019-07-21,0.0
812,2019-07-28,0.0
813,2019-08-04,0.0
814,2019-08-11,0.0
815,2019-08-18,147.9233949372273
816,2019-08-25,0.0
817,2019-09-01,0.0
818,2019-09-08,0.0
819,2019-09-15,0.0
820,2019-09-22,0.0
821,2019-09-29,0.0
822,2019-10-06,0.0
823,2019-10-13,0.0
824,2019-10-20,0.0
825,2019-10-27,0.0
826,2019-11-03,0.0
827,2019-11-10,0.0
828,2019-11-17,0.0
829,2019-11-24,632.7770038962241
830,2019-12-01,128.75953099743793
831,2019-12-08,0.0
832,2019-12-15,0.0
833,2019-12-22,0.0
834,2019-12-29,167.51497617796417
835,2020-01-05,0.0
836,2020-01-12,0.0
837,2020-01-19,143.06882048517969
838,2020-01-26,0.0
839,2020-02-02,105.24599850491606
840,2020-02-09,83.95937525819525
841,2020-02-16,0.0
842,2020-02-23,0.0
843,2020-03-01,0.0
844,2020-03-08,0.0
845,2020-03-15,0.0
846,2020-03-22,0.0
847,2020-03-29,0.0
848,2020-04-05,0.0
849,2020-04-12,96.3883285589869
850,2020-04-19,0.0
851,2020-04-26,0.0
852,2020-05-03,73.39303142325109
853,2020-05-10,0.0
854,2020-05-17,0.0
855,2020-05-24,0.0
856,2020-05-31,0.0
857,2020-06-07,86.61268697458321
858,2020-06-14,0.0
859,2020-06-21,0.0
860,2020-06-28,65.20123785123243
861,2020-07-05,0.0
862,2020-07-12,140.49458686976928
863,2020-07-19,0.0
864,2020-07-26,76.76749920159816
865,2020-08-02,0.0
866,2020-08-09,0.0
867,2020-08-16,0.0
868,2020-08-23,0.0
869,2020-08-30,0.0
870,2020-09-06,0.0
871,2020-09-13,0.0
872,2020-09-20,0.0
873,2020-09-27,0.0
874,2020-10-04,0.0
875,2020-10-11,0.0
876,2020-10-18,0.0
877,2020-10-25,0.0
878,2020-11-01,0.0
879,2020-11-08,0.0
880,2020-11-15,108.02855657124822
881,2020-11-22,0.0
882,2020-11-29,0.0
883,2020-12-06,0.0
884,2020-12-13,0.0
885,2020-12-20,0.0
886,2020-12-27,0.0
887,2021-01-03,295.173558987469
888,2021-01-10,118.87060081142465
889,2021-01-17,0.0
890,2021-01-24,0.0
891,2021-01-31,0.0
892,2021-02-07,0.0
893,2021-02-14,0.0
894,2021-02-21,0.0
895,2021-02-28,0.0
896,2021-03-07,0.0
897,2021-03-14,116.9957312959999
898,2021-03-21,0.0
899,2021-03-28,0.0
900,2021-04-04,0.0
901,2021-04-11,0.0
902,2021-04-18,0.0
903,2021-04-25,0.0
904,2021-05-02,0.0
905,2021-05-09,0.0
906,2021-05-16,0.0
907,2021-05-23,0.0
908,2021-05-30,0.0
909,2021-06-06,0.0
910,2021-06-13,230.91274132320072
911,2021-06-20,0.0
912,2021-06-27,0.0
913,2021-07-04,0.0
914,2021-07-11,0.0
915,2021-07-18,0.0
916,2021-07-25,0.0
917,2021-08-01,0.0
918,2021-08-08,0.0
919,2021-08-15,0.0
920,2021-08-22,0.0
921,2021-08-29,0.0
922,2021-09-05,0.0
923,2021-09-12,0.0
924,2021-09-19,118.72213356799746
925,2021-09-26,0.0
926,2021-10-03,113.18999974855083
927,2021-10-10,0.0
928,2021-10-17,0.0
929,2021-10-24,0.0
930,2021-10-31,0.0
931,2021-11-07,0.0
932,2021-11-14,0.0
933,2021-11-21,0.0
934,2021-11-28,156.95690154645928
935,2021-12-05,0.0
936,2021-12-12,0.0
937,2021-12-19,0.0
938,2021-12-26,154.40049969440784
939,2022-01-02,0.0
940,2022-01-09,89.71387093243658
941,2022-01-16,176.64662267643794
942,2022-01-23,0.0
943,2022-01-30,87.43551066541016
944,2022-02-06,0.0
945,2022-02-13,0.0
946,2022-02-20,0.0
947,2022-02-27,0.0
948,2022-03-06,0.0
949,2022-03-13,0.0
950,2022-03-20,144.67828516759815
951,2022-03-27,0.0
952,2022-04-03,53.16582424014004
953,2022-04-10,80.25077337689875
954,2022-04-17,0.0
955,2022-04-24,58.277655793449995
956,2022-05-01,127.6662672636359
957,2022-05-08,0.0
958,2022-05-15,0.0
959,2022-05-22,0.0
960,2022-05-29,0.0
961,2022-06-05,0.0
962,2022-06-12,0.0
963,2022-06-19,0.0
964,2022-06-26,104.51853690500225
965,2022-07-03,0.0
966,2022-07-10,0.0
967,2022-07-17,0.0
968,2022-07-24,0.0
969,2022-07-31,0.0
970,2022-08-07,0.0
971,2022-08-14,0.0
972,2022-08-21,0.0
973,2022-08-28,0.0
974,2022-09-04,63.0018074684932
975,2022-09-11,130.39384107979805
976,2022-09-18,0.0
977,2022-09-25,0.0
978,2022-10-02,0.0
979,2022-10-09,108.39468679203765
980,2022-10-16,0.0
981,2022-10-23,0.0
982,2022-10-30,0.0
983,2022-11-06,0.0
984,2022-11-13,0.0
985,2022-11-20,113.92367948373092
986,2022-11-27,77.74991088047773
987,2022-12-04,0.0
988,2022-12-11,0.0
989,2022-12-18,0.0
990,2022-12-25,0.0
991,2023-01-01,0.0
992,2023-01-08,0.0
993,2023-01-15,0.0
994,2023-01-22,0.0
