,date,flu
0,2004-01-04,0.0
1,2004-01-11,0.0
2,2004-01-18,0.0
3,2004-01-25,0.0
4,2004-02-01,0.0
5,2004-02-08,12009.174141504143
6,2004-02-15,0.0
7,2004-02-22,4547.740716992506
8,2004-02-29,0.0
9,2004-03-07,15652.44759831166
10,2004-03-14,8119.985088836098
11,2004-03-21,12030.098328003643
12,2004-03-28,0.0
13,2004-04-04,0.0
14,2004-04-11,0.0
15,2004-04-18,5775.8563651140375
16,2004-04-25,0.0
17,2004-05-02,0.0
18,2004-05-09,0.0
19,2004-05-16,0.0
20,2004-05-23,0.0
21,2004-05-30,0.0
22,2004-06-06,0.0
23,2004-06-13,0.0
24,2004-06-20,0.0
25,2004-06-27,0.0
26,2004-07-04,0.0
27,2004-07-11,0.0
28,2004-07-18,0.0
29,2004-07-25,0.0
30,2004-08-01,0.0
31,2004-08-08,8051.819564224449
32,2004-08-15,0.0
33,2004-08-22,0.0
34,2004-08-29,0.0
35,2004-09-05,0.0
36,2004-09-12,0.0
37,2004-09-19,0.0
38,2004-09-26,0.0
39,2004-10-03,0.0
40,2004-10-10,6438.921808389795
41,2004-10-17,0.0
42,2004-10-24,5141.9635961117665
43,2004-10-31,5063.77324405785
44,2004-11-07,9522.110493290373
45,2004-11-14,5846.700083959491
46,2004-11-21,0.0
47,2004-11-28,8464.225302888288
48,2004-12-05,0.0
49,2004-12-12,0.0
50,2004-12-19,0.0
51,2004-12-26,7684.780582520092
52,2005-01-02,5947.123780155583
53,2005-01-09,4522.330043999251
54,2005-01-16,4278.434506332968
55,2005-01-23,13394.773582647646
56,2005-01-30,5309.101965037573
57,2005-02-06,5542.735444402971
58,2005-02-13,0.0
59,2005-02-20,0.0
60,2005-02-27,0.0
61,2005-03-06,6832.428660671906
62,2005-03-13,0.0
63,2005-03-20,0.0
64,2005-03-27,4151.379667968319
65,2005-04-03,11289.573481391632
66,2005-04-10,0.0
67,2005-04-17,0.0
68,2005-04-24,0.0
69,2005-05-01,0.0
70,2005-05-08,0.0
71,2005-05-15,0.0
72,2005-05-22,0.0
73,2005-05-29,0.0
74,2005-06-05,3293.969370066543
75,2005-06-12,3039.556866316958
76,2005-06-19,0.0
77,2005-06-26,0.0
78,2005-07-03,0.0
79,2005-07-10,4480.133821446467
80,2005-07-17,0.0
81,2005-07-24,0.0
82,2005-07-31,0.0
83,2005-08-07,0.0
84,2005-08-14,9282.22859874152
85,2005-08-21,0.0
86,2005-08-28,0.0
87,2005-09-04,0.0
88,2005-09-11,0.0
89,2005-09-18,0.0
90,2005-09-25,4744.328763984314
91,2005-10-02,8932.687974726809
92,2005-10-09,10010.701392410869
93,2005-10-16,7896.047385881031
94,2005-10-23,4029.0184115380675
95,2005-10-30,7152.221825422654
96,2005-11-06,6655.049558578989
97,2005-11-13,9614.56267448585
98,2005-11-20,8086.296793139686
99,2005-11-27,0.0
100,2005-12-04,2510.9126300611047
101,2005-12-11,2454.6289187256007
102,2005-12-18,4558.278534896897
103,2005-12-25,5847.8614590565885
104,2006-01-01,0.0
105,2006-01-08,11236.819592954522
106,2006-01-15,0.0
107,2006-01-22,0.0
108,2006-01-29,0.0
109,2006-02-05,3127.5799539440463
110,2006-02-12,4685.571752452507
111,2006-02-19,0.0
112,2006-02-26,2747.462468141496
113,2006-03-05,0.0
114,2006-03-12,11313.498142349159
115,2006-03-19,3480.3259554467645
116,2006-03-26,4264.994471468657
117,2006-04-02,5992.502267104767
118,2006-04-09,5139.436271224767
119,2006-04-16,6539.221347563065
120,2006-04-23,0.0
121,2006-04-30,0.0
122,2006-05-07,4779.80661919605
123,2006-05-14,0.0
124,2006-05-21,2253.2237425390167
125,2006-05-28,0.0
126,2006-06-04,2504.237492883424
127,2006-06-11,4894.6721487643745
128,2006-06-18,3442.9746016377912
129,2006-06-25,0.0
130,2006-07-02,0.0
131,2006-07-09,20470.307843510265
132,2006-07-16,0.0
133,2006-07-23,2630.513944926151
134,2006-07-30,0.0
135,2006-08-06,3841.057954920081
136,2006-08-13,4508.989201011751
137,2006-08-20,3774.4108850101456
138,2006-08-27,0.0
139,2006-09-03,0.0
140,2006-09-10,5092.189923526817
141,2006-09-17,3003.366359930451
142,2006-09-24,2274.44259509847
143,2006-10-01,3186.8423958120543
144,2006-10-08,0.0
145,2006-10-15,4625.377651626958
146,2006-10-22,5400.851030737522
147,2006-10-29,4264.039139677519
148,2006-11-05,5227.838110134188
149,2006-11-12,2839.6403003704013
150,2006-11-19,0.0
151,2006-11-26,3134.0649990586494
152,2006-12-03,2519.485041424126
153,2006-12-10,0.0
154,2006-12-17,0.0
155,2006-12-24,3101.081089752933
156,2006-12-31,0.0
157,2007-01-07,0.0
158,2007-01-14,0.0
159,2007-01-21,2726.75594282877
160,2007-01-28,0.0
161,2007-02-04,2013.3025411748524
162,2007-02-11,0.0
163,2007-02-18,3497.1172187661596
164,2007-02-25,1575.6581066364813
165,2007-03-04,1605.9868764286227
166,2007-03-11,0.0
167,2007-03-18,0.0
168,2007-03-25,0.0
169,2007-04-01,0.0
170,2007-04-08,0.0
171,2007-04-15,0.0
172,2007-04-22,1970.5774437058496
173,2007-04-29,1738.8686190720216
174,2007-05-06,1701.1358432805648
175,2007-05-13,0.0
176,2007-05-20,0.0
177,2007-05-27,0.0
178,2007-06-03,1578.6268301084024
179,2007-06-10,0.0
180,2007-06-17,0.0
181,2007-06-24,0.0
182,2007-07-01,0.0
183,2007-07-08,0.0
184,2007-07-15,3536.356769869233
185,2007-07-22,0.0
186,2007-07-29,0.0
187,2007-08-05,0.0
188,2007-08-12,0.0
189,2007-08-19,0.0
190,2007-08-26,0.0
191,2007-09-02,0.0
192,2007-09-09,3110.1364767105733
193,2007-09-16,2024.1150842532131
194,2007-09-23,0.0
195,2007-09-30,0.0
196,2007-10-07,1706.8812842851264
197,2007-10-14,0.0
198,2007-10-21,2684.141884487444
199,2007-10-28,4106.270728744463
200,2007-11-04,0.0
201,2007-11-11,0.0
202,2007-11-18,3175.473671401051
203,2007-11-25,5318.903986315374
204,2007-12-02,3490.834373645032
205,2007-12-09,3061.9868333684526
206,2007-12-16,2763.3619602247486
207,2007-12-23,1761.6339753014788
208,2007-12-30,0.0
209,2008-01-06,0.0
210,2008-01-13,1654.413628032899
211,2008-01-20,5840.5925517758615
212,2008-01-27,2509.2057115088137
213,2008-02-03,0.0
214,2008-02-10,0.0
215,2008-02-17,1269.4748343219935
216,2008-02-24,2534.8403012104877
217,2008-03-02,4600.644470470594
218,2008-03-09,3726.6897597976945
219,2008-03-16,3667.8793315762646
220,2008-03-23,1561.8212016509185
221,2008-03-30,2377.977482873454
222,2008-04-06,0.0
223,2008-04-13,0.0
224,2008-04-20,0.0
225,2008-04-27,1519.2564168315994
226,2008-05-04,0.0
227,2008-05-11,0.0
228,2008-05-18,2554.8518944790085
229,2008-05-25,4941.387264353076
230,2008-06-01,0.0
231,2008-06-08,0.0
232,2008-06-15,0.0
233,2008-06-22,0.0
234,2008-06-29,0.0
235,2008-07-06,0.0
236,2008-07-13,0.0
237,2008-07-20,1390.9510906491053
238,2008-07-27,0.0
239,2008-08-03,0.0
240,2008-08-10,0.0
241,2008-08-17,2699.0618029357342
242,2008-08-24,0.0
243,2008-08-31,0.0
244,2008-09-07,2551.0497938010294
245,2008-09-14,2540.2555700053613
246,2008-09-21,3024.006676609473
247,2008-09-28,0.0
248,2008-10-05,2265.914554340344
249,2008-10-12,0.0
250,2008-10-19,4835.167939361853
251,2008-10-26,2067.074049407727
252,2008-11-02,2477.5769388128597
253,2008-11-09,2495.805398691629
254,2008-11-16,2405.583469283743
255,2008-11-23,1508.0803932378208
256,2008-11-30,1785.8305520152774
257,2008-12-07,1462.8734656613642
258,2008-12-14,1384.8017512986137
259,2008-12-21,2083.34981521053
260,2008-12-28,0.0
261,2009-01-04,2966.4788332054104
262,2009-01-11,2893.3693993693173
263,2009-01-18,2174.878595269251
264,2009-01-25,3592.9161725372237
265,2009-02-01,1993.8049335565033
266,2009-02-08,1231.6434342876457
267,2009-02-15,4935.626128534901
268,2009-02-22,3292.950799662562
269,2009-03-01,3015.2372243616373
270,2009-03-08,0.0
271,2009-03-15,0.0
272,2009-03-22,0.0
273,2009-03-29,0.0
274,2009-04-05,4010.612744024536
275,2009-04-12,0.0
276,2009-04-19,3900.5228354539763
277,2009-04-26,125503.48641517127
278,2009-05-03,34279.21124844395
279,2009-05-10,10483.606491119503
280,2009-05-17,10678.250102943588
281,2009-05-24,4134.439585565329
282,2009-05-31,3627.76655991308
283,2009-06-07,5654.546925983948
284,2009-06-14,3613.2187866383542
285,2009-06-21,1963.327881051974
286,2009-06-28,0.0
287,2009-07-05,2915.416472789938
288,2009-07-12,4254.345106736732
289,2009-07-19,0.0
290,2009-07-26,2157.9500260370633
291,2009-08-02,4020.6152162833278
292,2009-08-09,1922.6784809412718
293,2009-08-16,2974.42337270661
294,2009-08-23,4341.148010722238
295,2009-08-30,10993.978758256157
296,2009-09-06,13503.53786291128
297,2009-09-13,10082.710826765835
298,2009-09-20,14642.760093247767
299,2009-09-27,16352.143150646765
300,2009-10-04,12034.823873120471
301,2009-10-11,16244.520377497609
302,2009-10-18,21405.57413614633
303,2009-10-25,29417.790984611725
304,2009-11-01,26335.797962397886
305,2009-11-08,25194.56900190569
306,2009-11-15,12240.59419996289
307,2009-11-22,8090.48985554899
308,2009-11-29,6919.690291982375
309,2009-12-06,3894.34599347136
310,2009-12-13,2809.274313974536
311,2009-12-20,5007.081154838093
312,2009-12-27,3074.625414820432
313,2010-01-03,1794.3860572252602
314,2010-01-10,1286.085488769809
315,2010-01-17,0.0
316,2010-01-24,2595.6989293919123
317,2010-01-31,2095.406823863975
318,2010-02-07,0.0
319,2010-02-14,0.0
320,2010-02-21,0.0
321,2010-02-28,1109.3821091249483
322,2010-03-07,1910.77279123365
323,2010-03-14,0.0
324,2010-03-21,5088.463609021286
325,2010-03-28,2047.9774542343541
326,2010-04-04,0.0
327,2010-04-11,1456.0118425671815
328,2010-04-18,0.0
329,2010-04-25,0.0
330,2010-05-02,0.0
331,2010-05-09,0.0
332,2010-05-16,1834.128040909006
333,2010-05-23,0.0
334,2010-05-30,0.0
335,2010-06-06,0.0
336,2010-06-13,0.0
337,2010-06-20,1563.2922841068614
338,2010-06-27,1036.5038679093818
339,2010-07-04,0.0
340,2010-07-11,1408.1819958053384
341,2010-07-18,0.0
342,2010-07-25,2657.541578454837
343,2010-08-01,2757.777415488445
344,2010-08-08,0.0
345,2010-08-15,0.0
346,2010-08-22,986.3600578341151
347,2010-08-29,2392.90793007087
348,2010-09-05,3406.419602589811
349,2010-09-12,2034.7745474535682
350,2010-09-19,2686.1401181860206
351,2010-09-26,4267.281163027152
352,2010-10-03,3948.4810054532663
353,2010-10-10,903.5841364261195
354,2010-10-17,3429.820603361789
355,2010-10-24,3171.0649473232747
356,2010-10-31,0.0
357,2010-11-07,2077.5013565290155
358,2010-11-14,2346.8955231318946
359,2010-11-21,2919.6743842282426
360,2010-11-28,1333.658603102267
361,2010-12-05,1177.5236223974214
362,2010-12-12,3354.8175995215292
363,2010-12-19,0.0
364,2010-12-26,0.0
365,2011-01-02,2817.110598070063
366,2011-01-09,774.4769531651181
367,2011-01-16,1700.8449565447359
368,2011-01-23,2450.4129760467276
369,2011-01-30,2246.5752025415895
370,2011-02-06,2876.5743069477703
371,2011-02-13,1526.8650027757942
372,2011-02-20,1322.531984382166
373,2011-02-27,2522.462539181781
374,2011-03-06,1541.2480664712589
375,2011-03-13,2239.481359822171
376,2011-03-20,1259.1265137446069
377,2011-03-27,800.3327351589215
378,2011-04-03,1814.3239832617132
379,2011-04-10,0.0
380,2011-04-17,1028.5490780138207
381,2011-04-24,889.7124415313831
382,2011-05-01,822.8659790342708
383,2011-05-08,0.0
384,2011-05-15,730.8988879672248
385,2011-05-22,862.5767407334956
386,2011-05-29,1177.2848085997532
387,2011-06-05,0.0
388,2011-06-12,0.0
389,2011-06-19,0.0
390,2011-06-26,0.0
391,2011-07-03,2536.582991394236
392,2011-07-10,0.0
393,2011-07-17,760.7132288338553
394,2011-07-24,0.0
395,2011-07-31,0.0
396,2011-08-07,1099.6543062782998
397,2011-08-14,479.8333624654666
398,2011-08-21,788.8425545492304
399,2011-08-28,1126.2679988700918
400,2011-09-04,463.5465559866179
401,2011-09-11,1626.3453791587754
402,2011-09-18,2132.607452909432
403,2011-09-25,2579.6652456830966
404,2011-10-02,1912.475170706872
405,2011-10-09,2635.008687761912
406,2011-10-16,2794.9352858631732
407,2011-10-23,3275.3574843456026
408,2011-10-30,1581.259890264901
409,2011-11-06,1711.9159771716932
410,2011-11-13,2169.384556448773
411,2011-11-20,0.0
412,2011-11-27,562.8013828650598
413,2011-12-04,2015.5526229072702
414,2011-12-11,2060.5225282075485
415,2011-12-18,1559.4580444144626
416,2011-12-25,2131.8778863995076
417,2012-01-01,2769.6112013987063
418,2012-01-08,1773.7454222491465
419,2012-01-15,3011.5921168555838
420,2012-01-22,1907.0994503450338
421,2012-01-29,3181.311003751636
422,2012-02-05,1463.8240240953762
423,2012-02-12,1850.1307556881247
424,2012-02-19,2038.8384676418711
425,2012-02-26,2379.152600312231
426,2012-03-04,907.3723802592627
427,2012-03-11,1714.718640402508
428,2012-03-18,1401.1215323883705
429,2012-03-25,1327.829416105824
430,2012-04-01,1708.9330399163482
431,2012-04-08,1170.4782299069614
432,2012-04-15,792.6135966454491
433,2012-04-22,452.9400634396348
434,2012-04-29,642.7912142659338
435,2012-05-06,1114.6366790438738
436,2012-05-13,466.06224273800706
437,2012-05-20,0.0
438,2012-05-27,0.0
439,2012-06-03,0.0
440,2012-06-10,683.089475984128
441,2012-06-17,0.0
442,2012-06-24,915.1588519443746
443,2012-07-01,0.0
444,2012-07-08,784.5638253804086
445,2012-07-15,0.0
446,2012-07-22,0.0
447,2012-07-29,788.2896388462239
448,2012-08-05,0.0
449,2012-08-12,0.0
450,2012-08-19,547.9495200100253
451,2012-08-26,584.7805202130587
452,2012-09-02,1973.637188650891
453,2012-09-09,2478.886288112225
454,2012-09-16,2958.964633970198
455,2012-09-23,2711.072240548144
456,2012-09-30,3893.7223054912324
457,2012-10-07,4148.858775904199
458,2012-10-14,2483.700560418054
459,2012-10-21,4363.015817660585
460,2012-10-28,1240.3810903614867
461,2012-11-04,1100.3009408555943
462,2012-11-11,1588.1632744038952
463,2012-11-18,1804.6863363388363
464,2012-11-25,2404.610772277912
465,2012-12-02,2846.3878397718363
466,2012-12-09,1621.191687108691
467,2012-12-16,3378.7705543061484
468,2012-12-23,5315.390349952069
469,2012-12-30,8602.786392379614
470,2013-01-06,24846.611709215438
471,2013-01-13,18098.098956688216
472,2013-01-20,7501.12058034796
473,2013-01-27,5145.933038809853
474,2013-02-03,2759.407738950314
475,2013-02-10,2691.3926857688048
476,2013-02-17,1741.7895285632012
477,2013-02-24,1889.210074327685
478,2013-03-03,1603.685198746424
479,2013-03-10,1084.507193129303
480,2013-03-17,1684.8687365705416
481,2013-03-24,1037.2582822331565
482,2013-03-31,2472.806037734076
483,2013-04-07,1894.4104029159807
484,2013-04-14,1812.5485849807587
485,2013-04-21,2236.689509543271
486,2013-04-28,1405.847157729359
487,2013-05-05,1009.450520998911
488,2013-05-12,482.4590854564059
489,2013-05-19,1400.038406405484
490,2013-05-26,826.6511325952869
491,2013-06-02,890.0757175269923
492,2013-06-09,448.227965855255
493,2013-06-16,392.0706863209095
494,2013-06-23,539.0273044202404
495,2013-06-30,744.7640244174967
496,2013-07-07,0.0
497,2013-07-14,1002.4674575500925
498,2013-07-21,0.0
499,2013-07-28,1302.2048690455895
500,2013-08-04,441.1018178375888
501,2013-08-11,499.31122165395135
502,2013-08-18,0.0
503,2013-08-25,553.1765030938444
504,2013-09-01,0.0
505,2013-09-08,1455.6298331002527
506,2013-09-15,3032.7610180934194
507,2013-09-22,3284.6565137115012
508,2013-09-29,2994.1890263249265
509,2013-10-06,3096.654044236037
510,2013-10-13,1933.6722506719368
511,2013-10-20,2222.399761860866
512,2013-10-27,2589.1027622935494
513,2013-11-03,2365.5568386443174
514,2013-11-10,1566.0210083440431
515,2013-11-17,2374.1381837630815
516,2013-11-24,1988.6908427527467
517,2013-12-01,2266.605514594263
518,2013-12-08,1222.121520362749
519,2013-12-15,1545.8892001631957
520,2013-12-22,3380.3663203486835
521,2013-12-29,4026.905889962561
522,2014-01-05,5518.658649536616
523,2014-01-12,4437.793587112583
524,2014-01-19,3083.8290165418093
525,2014-01-26,2259.0307103571727
526,2014-02-02,1201.361348661699
527,2014-02-09,3244.4599759584485
528,2014-02-16,2688.4848215855145
529,2014-02-23,2902.371214348081
530,2014-03-02,2060.452361755666
531,2014-03-09,1624.1722507582003
532,2014-03-16,1406.7838773418985
533,2014-03-23,1494.1407706817276
534,2014-03-30,2099.061334009815
535,2014-04-06,2164.8713842572924
536,2014-04-13,1975.5408899671206
537,2014-04-20,1701.5998734546993
538,2014-04-27,1155.7625101452213
539,2014-05-04,1421.2553730093457
540,2014-05-11,0.0
541,2014-05-18,1628.9997457192337
542,2014-05-25,984.3185141129383
543,2014-06-01,0.0
544,2014-06-08,369.4066635189646
545,2014-06-15,0.0
546,2014-06-22,0.0
547,2014-06-29,827.8752644103738
548,2014-07-06,0.0
549,2014-07-13,723.9499221639703
550,2014-07-20,669.2704779054772
551,2014-07-27,539.5577984648445
552,2014-08-03,1234.104535675858
553,2014-08-10,1015.0534966494686
554,2014-08-17,1654.6193686619486
555,2014-08-24,1300.4135636892652
556,2014-08-31,984.8787962679917
557,2014-09-07,2654.855576771532
558,2014-09-14,1782.8569172755724
559,2014-09-21,3761.5085741450057
560,2014-09-28,3578.9186174224587
561,2014-10-05,5039.951636428039
562,2014-10-12,5339.023951680976
563,2014-10-19,3934.228965606132
564,2014-10-26,2313.932304275283
565,2014-11-02,2824.0927135651227
566,2014-11-09,2773.9175429191846
567,2014-11-16,1719.0707186203058
568,2014-11-23,2796.184479226744
569,2014-11-30,1173.9689803549827
570,2014-12-07,2812.1365360940617
571,2014-12-14,3273.0214327090926
572,2014-12-21,3128.2810178514583
573,2014-12-28,8001.3084728366575
574,2015-01-04,5717.80437706747
575,2015-01-11,5869.995143082148
576,2015-01-18,6740.176043120122
577,2015-01-25,6512.487057395703
578,2015-02-01,2540.0660768434054
579,2015-02-08,2015.2241406676528
580,2015-02-15,3067.5713433466644
581,2015-02-22,2514.6818459708434
582,2015-03-01,1409.2094403428277
583,2015-03-08,2718.75828691624
584,2015-03-15,2695.088079520515
585,2015-03-22,2397.3633901325506
586,2015-03-29,1149.047008231542
587,2015-04-05,2196.55743817718
588,2015-04-12,1920.921991357854
589,2015-04-19,1578.8087578991094
590,2015-04-26,1933.0469898640404
591,2015-05-03,1274.8330255199269
592,2015-05-10,1093.1561202241273
593,2015-05-17,1070.3772954345109
594,2015-05-24,1369.5977437953695
595,2015-05-31,2065.3104607589125
596,2015-06-07,591.617219870454
597,2015-06-14,705.3064518665599
598,2015-06-21,0.0
599,2015-06-28,0.0
600,2015-07-05,0.0
601,2015-07-12,410.85962277157756
602,2015-07-19,1408.5681140173963
603,2015-07-26,0.0
604,2015-08-02,426.0854960447176
605,2015-08-09,557.8464848834565
606,2015-08-16,519.9274911440231
607,2015-08-23,1031.2583043236468
608,2015-08-30,1209.1674532482493
609,2015-09-06,1601.314492516714
610,2015-09-13,3354.1283077973444
611,2015-09-20,3370.0063542806797
612,2015-09-27,3973.178940022204
613,2015-10-04,4315.581535361672
614,2015-10-11,3377.88722142458
615,2015-10-18,3444.9606160523867
616,2015-10-25,3794.993911743368
617,2015-11-01,4400.585202432232
618,2015-11-08,2152.12125891445
619,2015-11-15,4351.752922747239
620,2015-11-22,1084.5599367409286
621,2015-11-29,1729.6946930872223
622,2015-12-06,1461.2520212430084
623,2015-12-13,1844.0055214115291
624,2015-12-20,934.3745490322789
625,2015-12-27,711.4854459936837
626,2016-01-03,1266.1007564858087
627,2016-01-10,1642.6243794526424
628,2016-01-17,1885.4329982890292
629,2016-01-24,1919.1437522682245
630,2016-01-31,2520.811980669992
631,2016-02-07,1815.3821523565625
632,2016-02-14,1666.3702511685847
633,2016-02-21,3290.659686638298
634,2016-02-28,1830.1241818063709
635,2016-03-06,3013.63755312733
636,2016-03-13,2756.509214434452
637,2016-03-20,2890.6092319188333
638,2016-03-27,2570.5181795766584
639,2016-04-03,2151.1280459670834
640,2016-04-10,1933.2854641775994
641,2016-04-17,2059.490984162616
642,2016-04-24,1598.593454721744
643,2016-05-01,1185.213277776992
644,2016-05-08,1143.0981174150186
645,2016-05-15,1642.9183061483934
646,2016-05-22,1474.5373350646964
647,2016-05-29,0.0
648,2016-06-05,0.0
649,2016-06-12,584.7145365089867
650,2016-06-19,1341.2736535609456
651,2016-06-26,939.1312648420233
652,2016-07-03,710.6701820601187
653,2016-07-10,0.0
654,2016-07-17,0.0
655,2016-07-24,0.0
656,2016-07-31,0.0
657,2016-08-07,842.2092254198611
658,2016-08-14,596.3114529647419
659,2016-08-21,1392.074932775289
660,2016-08-28,1066.7315177615735
661,2016-09-04,1029.9861513814703
662,2016-09-11,2026.7996588228893
663,2016-09-18,2666.879799732801
664,2016-09-25,3267.882686201115
665,2016-10-02,4854.624809998097
666,2016-10-09,4486.347711869693
667,2016-10-16,2742.7078062113665
668,2016-10-23,2830.193466005632
669,2016-10-30,2907.8067901284667
670,2016-11-06,2343.453190921596
671,2016-11-13,1609.23490678422
672,2016-11-20,1576.327050181458
673,2016-11-27,1611.4228857407118
674,2016-12-04,2591.673552617235
675,2016-12-11,1154.5389472361246
676,2016-12-18,2330.6778742171064
677,2016-12-25,2895.788019996695
678,2017-01-01,2530.5153097630414
679,2017-01-08,2564.170306904769
680,2017-01-15,3324.9890701998797
681,2017-01-22,2246.970947618273
682,2017-01-29,4421.655273001337
683,2017-02-05,3437.2851595237553
684,2017-02-12,3388.5315209960895
685,2017-02-19,4252.203520691987
686,2017-02-26,3489.669795472246
687,2017-03-05,3486.726592298238
688,2017-03-12,3231.050844253954
689,2017-03-19,2092.1748975248624
690,2017-03-26,1495.6286265225867
691,2017-04-02,3140.9751528828506
692,2017-04-09,2652.9789526594404
693,2017-04-16,1923.0126588975713
694,2017-04-23,1052.9958071549343
695,2017-04-30,1901.057100883045
696,2017-05-07,1036.3666354980153
697,2017-05-14,1009.5840845311727
698,2017-05-21,1339.3721715278143
699,2017-05-28,938.8784675584477
700,2017-06-04,437.13291737747494
701,2017-06-11,287.50748211120646
702,2017-06-18,987.3200128770769
703,2017-06-25,385.831676870193
704,2017-07-02,667.0658685198264
705,2017-07-09,1032.3066552709445
706,2017-07-16,570.3885645825148
707,2017-07-23,0.0
708,2017-07-30,669.9512378816188
709,2017-08-06,723.7657980953481
710,2017-08-13,0.0
711,2017-08-20,634.5654680363417
712,2017-08-27,1176.4920943831166
713,2017-09-03,639.7680715036065
714,2017-09-10,2423.764284772293
715,2017-09-17,2739.4581809850924
716,2017-09-24,4768.180819983049
717,2017-10-01,1995.3903653311502
718,2017-10-08,3687.3901803043645
719,2017-10-15,2489.802364124799
720,2017-10-22,3469.8763832887153
721,2017-10-29,3005.8411478039807
722,2017-11-05,3402.9810208940885
723,2017-11-12,3052.031142865079
724,2017-11-19,2363.084237761218
725,2017-11-26,3579.157596661675
726,2017-12-03,2884.4532290038765
727,2017-12-10,3292.873738509848
728,2017-12-17,3528.7592230413507
729,2017-12-24,4314.121610856709
730,2017-12-31,4860.796021142208
731,2018-01-07,9643.395116309128
732,2018-01-14,17681.805557297335
733,2018-01-21,19176.234213728476
734,2018-01-28,26420.572485554127
735,2018-02-04,20822.99759715132
736,2018-02-11,17472.98274107036
737,2018-02-18,13250.040212192422
738,2018-02-25,7372.545655514587
739,2018-03-04,4977.05367059806
740,2018-03-11,3384.8458009589554
741,2018-03-18,2677.433829603278
742,2018-03-25,4022.7387395813817
743,2018-04-01,2071.87970233817
744,2018-04-08,4717.110590893556
745,2018-04-15,2662.174350612521
746,2018-04-22,1821.841619388397
747,2018-04-29,1684.4135133708764
748,2018-05-06,1635.7768278474703
749,2018-05-13,1404.2579720283884
750,2018-05-20,825.1685577439213
751,2018-05-27,1019.2550442552291
752,2018-06-03,1136.311922220667
753,2018-06-10,797.4097688807772
754,2018-06-17,977.4284757401404
755,2018-06-24,812.3404206260101
756,2018-07-01,0.0
757,2018-07-08,482.3541494492321
758,2018-07-15,579.8315348305254
759,2018-07-22,470.4644688755142
760,2018-07-29,838.0117631582192
761,2018-08-05,849.6349346717444
762,2018-08-12,1149.3390210957364
763,2018-08-19,2301.1819782280363
764,2018-08-26,1122.4241171217657
765,2018-09-02,368.66157783845836
766,2018-09-09,2278.5022211075047
767,2018-09-16,3412.4632734582265
768,2018-09-23,1763.139170129321
769,2018-09-30,4382.9693968641905
770,2018-10-07,4584.539110636229
771,2018-10-14,6360.6182983934505
772,2018-10-21,6516.465750104933
773,2018-10-28,5124.167066442182
774,2018-11-04,3303.661103381013
775,2018-11-11,3441.94627310728
776,2018-11-18,2836.691483624941
777,2018-11-25,2699.6818896691952
778,2018-12-02,2304.4757598144447
779,2018-12-09,2790.151349822546
780,2018-12-16,3550.713822963242
781,2018-12-23,3773.428789246258
782,2018-12-30,6572.888974162624
783,2019-01-06,6104.9072673819
784,2019-01-13,7317.718239490888
785,2019-01-20,6859.56212837669
786,2019-01-27,7886.611611591872
787,2019-02-03,7132.553758455483
788,2019-02-10,5398.341037727918
789,2019-02-17,7017.4161856667115
790,2019-02-24,4851.1942505084
791,2019-03-03,4704.471493169025
792,2019-03-10,2851.3904126313387
793,2019-03-17,4736.350947366572
794,2019-03-24,2976.425794602045
795,2019-03-31,3807.969512617628
796,2019-04-07,2848.7416030675763
797,2019-04-14,2865.3584979092325
798,2019-04-21,2488.237532557128
799,2019-04-28,1456.7946588233901
800,2019-05-05,967.5505330656247
801,2019-05-12,1187.6650929325988
802,2019-05-19,1110.7413243480946
803,2019-05-26,1016.5956356137814
804,2019-06-02,680.0288116652342
805,2019-06-09,900.4437351049858
806,2019-06-16,0.0
807,2019-06-23,931.749856445456
808,2019-06-30,561.5457167780964
809,2019-07-07,583.0783309843913
810,2019-07-14,1162.3740459900635
811,2019-07-21,1237.1849231576962
812,2019-07-28,1229.9220109545174
813,2019-08-04,713.9727695645556
814,2019-08-11,369.1083387441511
815,2019-08-18,812.7711796719358
816,2019-08-25,1194.8601973591026
817,2019-09-01,1326.8609554179282
818,2019-09-08,3101.7945509073556
819,2019-09-15,2558.777799104888
820,2019-09-22,3132.4048891083685
821,2019-09-29,6406.183161641319
822,2019-10-06,8109.042687869003
823,2019-10-13,5457.6079678817005
824,2019-10-20,7070.594834897019
825,2019-10-27,4098.049710244332
826,2019-11-03,3123.0995761613567
827,2019-11-10,3873.867152658642
828,2019-11-17,3517.068631441827
829,2019-11-24,3986.642967812756
830,2019-12-01,3283.7065954812556
831,2019-12-08,3453.3599693534707
832,2019-12-15,3180.8742361371737
833,2019-12-22,4427.193489840129
834,2019-12-29,5162.370205827251
835,2020-01-05,6403.631091430555
836,2020-01-12,10617.375861666505
837,2020-01-19,11403.552545679418
838,2020-01-26,14088.655669367787
839,2020-02-02,14011.96736931325
840,2020-02-09,12245.989895650484
841,2020-02-16,10976.198802521207
842,2020-02-23,15389.56549203499
843,2020-03-01,21553.330542051088
844,2020-03-08,31116.411175528337
845,2020-03-15,25347.216425744406
846,2020-03-22,18774.101501852605
847,2020-03-29,17093.985781595362
848,2020-04-05,11754.655237048331
849,2020-04-12,9746.827861729123
850,2020-04-19,9928.877890428168
851,2020-04-26,7166.420772855167
852,2020-05-03,6557.7814415098655
853,2020-05-10,5814.9720784457495
854,2020-05-17,5902.790007517113
855,2020-05-24,5374.250390570372
856,2020-05-31,2190.9645802797204
857,2020-06-07,3347.448263426128
858,2020-06-14,1906.9822561120034
859,2020-06-21,2804.531167098212
860,2020-06-28,4131.493115912751
861,2020-07-05,3391.8804327722783
862,2020-07-12,4546.478546515033
863,2020-07-19,3626.8666652135316
864,2020-07-26,3519.0991114061085
865,2020-08-02,2859.4778523966647
866,2020-08-09,4155.679559959592
867,2020-08-16,6061.172044285845
868,2020-08-23,3661.238604855202
869,2020-08-30,5002.436590339681
870,2020-09-06,4445.005294410477
871,2020-09-13,6806.7831902861435
872,2020-09-20,8023.820475746134
873,2020-09-27,9264.798778687675
874,2020-10-04,9991.676814041546
875,2020-10-11,8466.179001814147
876,2020-10-18,6802.458802718974
877,2020-10-25,7768.1397386781655
878,2020-11-01,3738.598944352187
879,2020-11-08,5142.998514691385
880,2020-11-15,4174.696852722814
881,2020-11-22,4214.3275244063425
882,2020-11-29,4572.871651665436
883,2020-12-06,4924.75102453006
884,2020-12-13,4580.0321301158
885,2020-12-20,3447.9918343796758
886,2020-12-27,4659.701376842821
887,2021-01-03,3820.7472283710754
888,2021-01-10,3311.63843304759
889,2021-01-17,2516.531553169269
890,2021-01-24,3035.516380610311
891,2021-01-31,1292.6476949369408
892,2021-02-07,1865.6261024809496
893,2021-02-14,3391.5171222340136
894,2021-02-21,2570.4607093022173
895,2021-02-28,1824.03010030844
896,2021-03-07,1180.6434571544166
897,2021-03-14,2042.6729516050818
898,2021-03-21,1153.4246397172456
899,2021-03-28,2768.059304494995
900,2021-04-04,1713.8455612003415
901,2021-04-11,3171.7659928975118
902,2021-04-18,1335.4661593205246
903,2021-04-25,1280.7767730065343
904,2021-05-02,1074.821862160331
905,2021-05-09,2309.1643016805383
906,2021-05-16,674.7727299509166
907,2021-05-23,871.8798962436839
908,2021-05-30,2373.1568916813353
909,2021-06-06,735.2913718336371
910,2021-06-13,1311.021418274009
911,2021-06-20,718.5724263759779
912,2021-06-27,1504.6956771508242
913,2021-07-04,1603.1791926850806
914,2021-07-11,828.1993975616765
915,2021-07-18,888.9644524818092
916,2021-07-25,1572.0755891224383
917,2021-08-01,1895.220259721436
918,2021-08-08,2430.0724342914996
919,2021-08-15,1608.146861973541
920,2021-08-22,2074.1941607912345
921,2021-08-29,1501.4645168566137
922,2021-09-05,2811.572939066602
923,2021-09-12,3408.4958030146136
924,2021-09-19,5662.7553789844505
925,2021-09-26,6219.8977562185055
926,2021-10-03,7782.155990237193
927,2021-10-10,5198.71338184746
928,2021-10-17,6449.463887790691
929,2021-10-24,7294.151811015287
930,2021-10-31,4025.3212706604004
931,2021-11-07,4774.1943844041425
932,2021-11-14,4465.889519878532
933,2021-11-21,4173.714063945016
934,2021-11-28,5998.796754327908
935,2021-12-05,5774.807602038213
936,2021-12-12,5092.819431009918
937,2021-12-19,6649.624871502097
938,2021-12-26,5621.102847679901
939,2022-01-02,6671.182290140875
940,2022-01-09,4829.945626198393
941,2022-01-16,2876.7327383159163
942,2022-01-23,2251.568604448122
943,2022-01-30,1684.2565914321108
944,2022-02-06,1608.5061142983598
945,2022-02-13,2401.8488135122466
946,2022-02-20,2078.3036934703664
947,2022-02-27,2115.689505593179
948,2022-03-06,1969.8639430928945
949,2022-03-13,1956.1116299008168
950,2022-03-20,2397.645826019605
951,2022-03-27,3269.2662629102356
952,2022-04-03,2813.958777280967
953,2022-04-10,3102.292723289615
954,2022-04-17,3369.5067360034036
955,2022-04-24,4652.119559616917
956,2022-05-01,3484.639250317814
957,2022-05-08,2889.2713484145925
958,2022-05-15,2667.979013933439
959,2022-05-22,1434.1266291656293
960,2022-05-29,926.5042542608221
961,2022-06-05,1317.2812576592166
962,2022-06-12,837.6521908431797
963,2022-06-19,795.6279693673539
964,2022-06-26,756.814984750712
965,2022-07-03,2168.2785291119853
966,2022-07-10,267.49831537879254
967,2022-07-17,965.8226024634265
968,2022-07-24,504.1548250760956
969,2022-07-31,1171.208956814747
970,2022-08-07,827.2461177344002
971,2022-08-14,1476.2291155017026
972,2022-08-21,1210.477577090677
973,2022-08-28,1984.7198828785406
974,2022-09-04,3004.312323174028
975,2022-09-11,3066.734706899113
976,2022-09-18,4117.295249491624
977,2022-09-25,4188.529586063353
978,2022-10-02,6056.535090490672
979,2022-10-09,6334.868444471885
980,2022-10-16,6937.14294786545
981,2022-10-23,6265.629571774892
982,2022-10-30,4802.08834170009
983,2022-11-06,4386.777044701679
984,2022-11-13,4513.039449531471
985,2022-11-20,5685.548824720183
986,2022-11-27,7336.210686967413
987,2022-12-04,10180.822096808006
988,2022-12-11,9907.479032521494
989,2022-12-18,12253.904475246236
990,2022-12-25,10601.214230443335
991,2023-01-01,8264.297441017301
992,2023-01-08,4692.210350293238
993,2023-01-15,2642.647862494624
994,2023-01-22,2205.0172876831457
995,2023-01-29,0.0
