,date,flu and fever
0,2004-01-04,5150.801555866186
1,2004-01-11,0.0
2,2004-01-18,0.0
3,2004-01-25,0.0
4,2004-02-01,0.0
5,2004-02-08,0.0
6,2004-02-15,0.0
7,2004-02-22,2045.59691321057
8,2004-02-29,3976.5073697488247
9,2004-03-07,0.0
10,2004-03-14,0.0
11,2004-03-21,0.0
12,2004-03-28,0.0
13,2004-04-04,0.0
14,2004-04-11,0.0
15,2004-04-18,3340.623977353077
16,2004-04-25,0.0
17,2004-05-02,0.0
18,2004-05-09,0.0
19,2004-05-16,0.0
20,2004-05-23,1804.176564166485
21,2004-05-30,0.0
22,2004-06-06,0.0
23,2004-06-13,0.0
24,2004-06-20,0.0
25,2004-06-27,4933.562144412305
26,2004-07-04,0.0
27,2004-07-11,0.0
28,2004-07-18,0.0
29,2004-07-25,0.0
30,2004-08-01,1596.696202548803
31,2004-08-08,0.0
32,2004-08-15,0.0
33,2004-08-22,0.0
34,2004-08-29,0.0
35,2004-09-05,3171.6114350781927
36,2004-09-12,0.0
37,2004-09-19,0.0
38,2004-09-26,0.0
39,2004-10-03,2606.23369091645
40,2004-10-10,2895.164597712225
41,2004-10-17,0.0
42,2004-10-24,0.0
43,2004-10-31,0.0
44,2004-11-07,0.0
45,2004-11-14,2423.0772872495386
46,2004-11-21,2040.1912446486435
47,2004-11-28,0.0
48,2004-12-05,2486.8993120800574
49,2004-12-12,0.0
50,2004-12-19,0.0
51,2004-12-26,0.0
52,2005-01-02,0.0
53,2005-01-09,0.0
54,2005-01-16,0.0
55,2005-01-23,1484.242097808525
56,2005-01-30,0.0
57,2005-02-06,0.0
58,2005-02-13,0.0
59,2005-02-20,0.0
60,2005-02-27,0.0
61,2005-03-06,1640.332580494068
62,2005-03-13,0.0
63,2005-03-20,0.0
64,2005-03-27,3223.447571679184
65,2005-04-03,0.0
66,2005-04-10,0.0
67,2005-04-17,0.0
68,2005-04-24,0.0
69,2005-05-01,0.0
70,2005-05-08,0.0
71,2005-05-15,0.0
72,2005-05-22,0.0
73,2005-05-29,0.0
74,2005-06-05,0.0
75,2005-06-12,0.0
76,2005-06-19,0.0
77,2005-06-26,0.0
78,2005-07-03,0.0
79,2005-07-10,0.0
80,2005-07-17,0.0
81,2005-07-24,0.0
82,2005-07-31,0.0
83,2005-08-07,0.0
84,2005-08-14,0.0
85,2005-08-21,1415.8154653650192
86,2005-08-28,0.0
87,2005-09-04,0.0
88,2005-09-11,0.0
89,2005-09-18,0.0
90,2005-09-25,1314.338625775588
91,2005-10-02,0.0
92,2005-10-09,0.0
93,2005-10-16,0.0
94,2005-10-23,0.0
95,2005-10-30,0.0
96,2005-11-06,1354.548217372906
97,2005-11-13,0.0
98,2005-11-20,0.0
99,2005-11-27,0.0
100,2005-12-04,0.0
101,2005-12-11,0.0
102,2005-12-18,1810.3588326040726
103,2005-12-25,0.0
104,2006-01-01,895.2837686815118
105,2006-01-08,0.0
106,2006-01-15,735.3010392394445
107,2006-01-22,0.0
108,2006-01-29,0.0
109,2006-02-05,0.0
110,2006-02-12,0.0
111,2006-02-19,0.0
112,2006-02-26,0.0
113,2006-03-05,0.0
114,2006-03-12,0.0
115,2006-03-19,0.0
116,2006-03-26,0.0
117,2006-04-02,0.0
118,2006-04-09,0.0
119,2006-04-16,0.0
120,2006-04-23,0.0
121,2006-04-30,0.0
122,2006-05-07,0.0
123,2006-05-14,0.0
124,2006-05-21,0.0
125,2006-05-28,0.0
126,2006-06-04,0.0
127,2006-06-11,1367.4549186367335
128,2006-06-18,0.0
129,2006-06-25,0.0
130,2006-07-02,0.0
131,2006-07-09,1726.299197109358
132,2006-07-16,0.0
133,2006-07-23,0.0
134,2006-07-30,0.0
135,2006-08-06,0.0
136,2006-08-13,988.1558125595776
137,2006-08-20,0.0
138,2006-08-27,0.0
139,2006-09-03,0.0
140,2006-09-10,0.0
141,2006-09-17,0.0
142,2006-09-24,0.0
143,2006-10-01,0.0
144,2006-10-08,0.0
145,2006-10-15,0.0
146,2006-10-22,0.0
147,2006-10-29,0.0
148,2006-11-05,0.0
149,2006-11-12,0.0
150,2006-11-19,0.0
151,2006-11-26,0.0
152,2006-12-03,0.0
153,2006-12-10,0.0
154,2006-12-17,0.0
155,2006-12-24,657.0236271986354
156,2006-12-31,0.0
157,2007-01-07,0.0
158,2007-01-14,0.0
159,2007-01-21,0.0
160,2007-01-28,0.0
161,2007-02-04,2161.6185457644165
162,2007-02-11,0.0
163,2007-02-18,0.0
164,2007-02-25,0.0
165,2007-03-04,0.0
166,2007-03-11,0.0
167,2007-03-18,678.2253283562868
168,2007-03-25,0.0
169,2007-04-01,0.0
170,2007-04-08,0.0
171,2007-04-15,0.0
172,2007-04-22,0.0
173,2007-04-29,0.0
174,2007-05-06,0.0
175,2007-05-13,0.0
176,2007-05-20,1589.6925326681123
177,2007-05-27,0.0
178,2007-06-03,0.0
179,2007-06-10,0.0
180,2007-06-17,0.0
181,2007-06-24,0.0
182,2007-07-01,0.0
183,2007-07-08,1262.0265740773095
184,2007-07-15,0.0
185,2007-07-22,0.0
186,2007-07-29,0.0
187,2007-08-05,1877.644495482246
188,2007-08-12,0.0
189,2007-08-19,0.0
190,2007-08-26,0.0
191,2007-09-02,528.9182275497154
192,2007-09-09,0.0
193,2007-09-16,0.0
194,2007-09-23,0.0
195,2007-09-30,0.0
196,2007-10-07,0.0
197,2007-10-14,0.0
198,2007-10-21,539.6440231224083
199,2007-10-28,0.0
200,2007-11-04,0.0
201,2007-11-11,0.0
202,2007-11-18,0.0
203,2007-11-25,0.0
204,2007-12-02,0.0
205,2007-12-09,0.0
206,2007-12-16,0.0
207,2007-12-23,0.0
208,2007-12-30,0.0
209,2008-01-06,0.0
210,2008-01-13,0.0
211,2008-01-20,0.0
212,2008-01-27,0.0
213,2008-02-03,382.1993915744807
214,2008-02-10,0.0
215,2008-02-17,0.0
216,2008-02-24,0.0
217,2008-03-02,0.0
218,2008-03-09,0.0
219,2008-03-16,0.0
220,2008-03-23,1831.65802071119
221,2008-03-30,861.428378012101
222,2008-04-06,0.0
223,2008-04-13,0.0
224,2008-04-20,0.0
225,2008-04-27,0.0
226,2008-05-04,0.0
227,2008-05-11,0.0
228,2008-05-18,0.0
229,2008-05-25,493.97776091324243
230,2008-06-01,0.0
231,2008-06-08,0.0
232,2008-06-15,0.0
233,2008-06-22,0.0
234,2008-06-29,0.0
235,2008-07-06,0.0
236,2008-07-13,0.0
237,2008-07-20,0.0
238,2008-07-27,1561.99379068839
239,2008-08-03,0.0
240,2008-08-10,599.3390431792365
241,2008-08-17,0.0
242,2008-08-24,701.3681966871193
243,2008-08-31,0.0
244,2008-09-07,0.0
245,2008-09-14,0.0
246,2008-09-21,902.7115435243204
247,2008-09-28,0.0
248,2008-10-05,0.0
249,2008-10-12,0.0
250,2008-10-19,516.4808436724011
251,2008-10-26,0.0
252,2008-11-02,0.0
253,2008-11-09,0.0
254,2008-11-16,0.0
255,2008-11-23,0.0
256,2008-11-30,0.0
257,2008-12-07,583.7521057005871
258,2008-12-14,332.86984843700515
259,2008-12-21,0.0
260,2008-12-28,0.0
261,2009-01-04,0.0
262,2009-01-11,0.0
263,2009-01-18,0.0
264,2009-01-25,0.0
265,2009-02-01,0.0
266,2009-02-08,0.0
267,2009-02-15,467.35287280907
268,2009-02-22,0.0
269,2009-03-01,0.0
270,2009-03-08,0.0
271,2009-03-15,0.0
272,2009-03-22,0.0
273,2009-03-29,0.0
274,2009-04-05,0.0
275,2009-04-12,332.95197408703467
276,2009-04-19,0.0
277,2009-04-26,690.51575070783
278,2009-05-03,0.0
279,2009-05-10,0.0
280,2009-05-17,564.3430378777581
281,2009-05-24,0.0
282,2009-05-31,0.0
283,2009-06-07,0.0
284,2009-06-14,0.0
285,2009-06-21,0.0
286,2009-06-28,0.0
287,2009-07-05,360.7073048821692
288,2009-07-12,0.0
289,2009-07-19,0.0
290,2009-07-26,0.0
291,2009-08-02,0.0
292,2009-08-09,0.0
293,2009-08-16,0.0
294,2009-08-23,0.0
295,2009-08-30,0.0
296,2009-09-06,0.0
297,2009-09-13,0.0
298,2009-09-20,874.1376967647251
299,2009-09-27,0.0
300,2009-10-04,0.0
301,2009-10-11,0.0
302,2009-10-18,0.0
303,2009-10-25,0.0
304,2009-11-01,0.0
305,2009-11-08,403.7598602804341
306,2009-11-15,0.0
307,2009-11-22,0.0
308,2009-11-29,0.0
309,2009-12-06,0.0
310,2009-12-13,0.0
311,2009-12-20,0.0
312,2009-12-27,0.0
313,2010-01-03,0.0
314,2010-01-10,351.406855426237
315,2010-01-17,0.0
316,2010-01-24,419.03642199855057
317,2010-01-31,0.0
318,2010-02-07,0.0
319,2010-02-14,773.495826436445
320,2010-02-21,675.5350345781826
321,2010-02-28,480.67501033683334
322,2010-03-07,0.0
323,2010-03-14,0.0
324,2010-03-21,0.0
325,2010-03-28,519.3100047893781
326,2010-04-04,631.9744188617382
327,2010-04-11,0.0
328,2010-04-18,0.0
329,2010-04-25,0.0
330,2010-05-02,355.97361296131646
331,2010-05-09,0.0
332,2010-05-16,0.0
333,2010-05-23,0.0
334,2010-05-30,438.0051758842167
335,2010-06-06,0.0
336,2010-06-13,0.0
337,2010-06-20,1292.7272202121453
338,2010-06-27,0.0
339,2010-07-04,0.0
340,2010-07-11,0.0
341,2010-07-18,0.0
342,2010-07-25,0.0
343,2010-08-01,0.0
344,2010-08-08,0.0
345,2010-08-15,0.0
346,2010-08-22,0.0
347,2010-08-29,0.0
348,2010-09-05,0.0
349,2010-09-12,0.0
350,2010-09-19,0.0
351,2010-09-26,0.0
352,2010-10-03,0.0
353,2010-10-10,856.1008077964094
354,2010-10-17,0.0
355,2010-10-24,0.0
356,2010-10-31,0.0
357,2010-11-07,0.0
358,2010-11-14,0.0
359,2010-11-21,0.0
360,2010-11-28,0.0
361,2010-12-05,0.0
362,2010-12-12,0.0
363,2010-12-19,0.0
364,2010-12-26,0.0
365,2011-01-02,0.0
366,2011-01-09,205.3160487911046
367,2011-01-16,0.0
368,2011-01-23,355.36007497501515
369,2011-01-30,0.0
370,2011-02-06,0.0
371,2011-02-13,247.52065749125714
372,2011-02-20,170.01215639105448
373,2011-02-27,0.0
374,2011-03-06,0.0
375,2011-03-13,204.95619386453657
376,2011-03-20,250.91961394877958
377,2011-03-27,183.99526088666974
378,2011-04-03,0.0
379,2011-04-10,0.0
380,2011-04-17,0.0
381,2011-04-24,0.0
382,2011-05-01,0.0
383,2011-05-08,196.72085249619983
384,2011-05-15,0.0
385,2011-05-22,0.0
386,2011-05-29,0.0
387,2011-06-05,182.15410456127339
388,2011-06-12,0.0
389,2011-06-19,0.0
390,2011-06-26,0.0
391,2011-07-03,0.0
392,2011-07-10,0.0
393,2011-07-17,0.0
394,2011-07-24,0.0
395,2011-07-31,0.0
396,2011-08-07,0.0
397,2011-08-14,0.0
398,2011-08-21,413.82146619185136
399,2011-08-28,0.0
400,2011-09-04,195.83043693954147
401,2011-09-11,402.3097762793662
402,2011-09-18,160.03658369684
403,2011-09-25,0.0
404,2011-10-02,0.0
405,2011-10-09,0.0
406,2011-10-16,0.0
407,2011-10-23,0.0
408,2011-10-30,0.0
409,2011-11-06,257.69298003233564
410,2011-11-13,0.0
411,2011-11-20,0.0
412,2011-11-27,0.0
413,2011-12-04,0.0
414,2011-12-11,0.0
415,2011-12-18,0.0
416,2011-12-25,0.0
417,2012-01-01,0.0
418,2012-01-08,0.0
419,2012-01-15,0.0
420,2012-01-22,0.0
421,2012-01-29,0.0
422,2012-02-05,197.3003132012864
423,2012-02-12,0.0
424,2012-02-19,240.06440406087003
425,2012-02-26,0.0
426,2012-03-04,0.0
427,2012-03-11,0.0
428,2012-03-18,0.0
429,2012-03-25,0.0
430,2012-04-01,0.0
431,2012-04-08,0.0
432,2012-04-15,0.0
433,2012-04-22,0.0
434,2012-04-29,0.0
435,2012-05-06,0.0
436,2012-05-13,0.0
437,2012-05-20,0.0
438,2012-05-27,0.0
439,2012-06-03,0.0
440,2012-06-10,0.0
441,2012-06-17,0.0
442,2012-06-24,0.0
443,2012-07-01,221.8061316379163
444,2012-07-08,249.92659556881173
445,2012-07-15,0.0
446,2012-07-22,0.0
447,2012-07-29,0.0
448,2012-08-05,0.0
449,2012-08-12,0.0
450,2012-08-19,0.0
451,2012-08-26,429.8387242807663
452,2012-09-02,0.0
453,2012-09-09,0.0
454,2012-09-16,0.0
455,2012-09-23,0.0
456,2012-09-30,0.0
457,2012-10-07,0.0
458,2012-10-14,0.0
459,2012-10-21,0.0
460,2012-10-28,0.0
461,2012-11-04,144.49523625731806
462,2012-11-11,0.0
463,2012-11-18,151.97881299053248
464,2012-11-25,0.0
465,2012-12-02,130.42536397141953
466,2012-12-09,0.0
467,2012-12-16,168.2056873720857
468,2012-12-23,0.0
469,2012-12-30,0.0
470,2013-01-06,0.0
471,2013-01-13,0.0
472,2013-01-20,0.0
473,2013-01-27,0.0
474,2013-02-03,0.0
475,2013-02-10,0.0
476,2013-02-17,0.0
477,2013-02-24,0.0
478,2013-03-03,0.0
479,2013-03-10,0.0
480,2013-03-17,0.0
481,2013-03-24,0.0
482,2013-03-31,0.0
483,2013-04-07,112.49251410868351
484,2013-04-14,244.4942910431605
485,2013-04-21,0.0
486,2013-04-28,0.0
487,2013-05-05,0.0
488,2013-05-12,0.0
489,2013-05-19,0.0
490,2013-05-26,0.0
491,2013-06-02,0.0
492,2013-06-09,0.0
493,2013-06-16,185.5136387940936
494,2013-06-23,0.0
495,2013-06-30,115.47494879473739
496,2013-07-07,0.0
497,2013-07-14,74.38730313696345
498,2013-07-21,0.0
499,2013-07-28,0.0
500,2013-08-04,0.0
501,2013-08-11,0.0
502,2013-08-18,0.0
503,2013-08-25,0.0
504,2013-09-01,48.62681746339506
505,2013-09-08,0.0
506,2013-09-15,0.0
507,2013-09-22,0.0
508,2013-09-29,0.0
509,2013-10-06,0.0
510,2013-10-13,0.0
511,2013-10-20,0.0
512,2013-10-27,0.0
513,2013-11-03,0.0
514,2013-11-10,0.0
515,2013-11-17,0.0
516,2013-11-24,0.0
517,2013-12-01,0.0
518,2013-12-08,0.0
519,2013-12-15,146.17991314968074
520,2013-12-22,0.0
521,2013-12-29,0.0
522,2014-01-05,0.0
523,2014-01-12,123.56942973274504
524,2014-01-19,0.0
525,2014-01-26,0.0
526,2014-02-02,0.0
527,2014-02-09,0.0
528,2014-02-16,0.0
529,2014-02-23,0.0
530,2014-03-02,138.79384368319307
531,2014-03-09,0.0
532,2014-03-16,0.0
533,2014-03-23,0.0
534,2014-03-30,0.0
535,2014-04-06,0.0
536,2014-04-13,0.0
537,2014-04-20,97.24087544190026
538,2014-04-27,0.0
539,2014-05-04,0.0
540,2014-05-11,0.0
541,2014-05-18,0.0
542,2014-05-25,0.0
543,2014-06-01,131.65926919986143
544,2014-06-08,0.0
545,2014-06-15,0.0
546,2014-06-22,0.0
547,2014-06-29,0.0
548,2014-07-06,0.0
549,2014-07-13,84.67158457499556
550,2014-07-20,0.0
551,2014-07-27,237.11555797430483
552,2014-08-03,0.0
553,2014-08-10,0.0
554,2014-08-17,0.0
555,2014-08-24,0.0
556,2014-08-31,0.0
557,2014-09-07,176.52466186352544
558,2014-09-14,73.3396947682033
559,2014-09-21,0.0
560,2014-09-28,0.0
561,2014-10-05,0.0
562,2014-10-12,106.5103398121408
563,2014-10-19,0.0
564,2014-10-26,0.0
565,2014-11-02,86.98913937952777
566,2014-11-09,65.60217149866006
567,2014-11-16,0.0
568,2014-11-23,177.85370406590246
569,2014-11-30,0.0
570,2014-12-07,0.0
571,2014-12-14,90.50357521725655
572,2014-12-21,0.0
573,2014-12-28,0.0
574,2015-01-04,0.0
575,2015-01-11,0.0
576,2015-01-18,0.0
577,2015-01-25,62.11342414844552
578,2015-02-01,0.0
579,2015-02-08,0.0
580,2015-02-15,0.0
581,2015-02-22,0.0
582,2015-03-01,0.0
583,2015-03-08,79.20880133366407
584,2015-03-15,0.0
585,2015-03-22,0.0
586,2015-03-29,0.0
587,2015-04-05,75.06990505866408
588,2015-04-12,165.70169393436214
589,2015-04-19,0.0
590,2015-04-26,94.1936927405141
591,2015-05-03,0.0
592,2015-05-10,0.0
593,2015-05-17,0.0
594,2015-05-24,0.0
595,2015-05-31,0.0
596,2015-06-07,0.0
597,2015-06-14,0.0
598,2015-06-21,0.0
599,2015-06-28,0.0
600,2015-07-05,251.2618748419558
601,2015-07-12,0.0
602,2015-07-19,0.0
603,2015-07-26,0.0
604,2015-08-02,0.0
605,2015-08-09,0.0
606,2015-08-16,0.0
607,2015-08-23,0.0
608,2015-08-30,0.0
609,2015-09-06,185.589368727163
610,2015-09-13,0.0
611,2015-09-20,0.0
612,2015-09-27,0.0
613,2015-10-04,0.0
614,2015-10-11,0.0
615,2015-10-18,0.0
616,2015-10-25,0.0
617,2015-11-01,0.0
618,2015-11-08,0.0
619,2015-11-15,0.0
620,2015-11-22,0.0
621,2015-11-29,0.0
622,2015-12-06,0.0
623,2015-12-13,0.0
624,2015-12-20,195.34492369462635
625,2015-12-27,0.0
626,2016-01-03,0.0
627,2016-01-10,0.0
628,2016-01-17,0.0
629,2016-01-24,0.0
630,2016-01-31,94.89974992315042
631,2016-02-07,0.0
632,2016-02-14,126.86989644101536
633,2016-02-21,156.80214395566756
634,2016-02-28,87.69920668724357
635,2016-03-06,86.93796514262675
636,2016-03-13,0.0
637,2016-03-20,0.0
638,2016-03-27,0.0
639,2016-04-03,0.0
640,2016-04-10,0.0
641,2016-04-17,0.0
642,2016-04-24,0.0
643,2016-05-01,0.0
644,2016-05-08,0.0
645,2016-05-15,0.0
646,2016-05-22,0.0
647,2016-05-29,0.0
648,2016-06-05,0.0
649,2016-06-12,149.465539378848
650,2016-06-19,0.0
651,2016-06-26,0.0
652,2016-07-03,0.0
653,2016-07-10,0.0
654,2016-07-17,0.0
655,2016-07-24,0.0
656,2016-07-31,266.11093089327926
657,2016-08-07,0.0
658,2016-08-14,0.0
659,2016-08-21,0.0
660,2016-08-28,0.0
661,2016-09-04,0.0
662,2016-09-11,0.0
663,2016-09-18,191.9136764086235
664,2016-09-25,285.0433871575856
665,2016-10-02,0.0
666,2016-10-09,0.0
667,2016-10-16,0.0
668,2016-10-23,0.0
669,2016-10-30,0.0
670,2016-11-06,94.07597568009184
671,2016-11-13,0.0
672,2016-11-20,0.0
673,2016-11-27,0.0
674,2016-12-04,0.0
675,2016-12-11,102.6171499891582
676,2016-12-18,0.0
677,2016-12-25,187.4468611985299
678,2017-01-01,0.0
679,2017-01-08,264.7709538587216
680,2017-01-15,406.64412191274874
681,2017-01-22,0.0
682,2017-01-29,0.0
683,2017-02-05,0.0
684,2017-02-12,0.0
685,2017-02-19,215.31149850740886
686,2017-02-26,0.0
687,2017-03-05,0.0
688,2017-03-12,0.0
689,2017-03-19,0.0
690,2017-03-26,0.0
691,2017-04-02,129.91661178004594
692,2017-04-09,0.0
693,2017-04-16,0.0
694,2017-04-23,0.0
695,2017-04-30,0.0
696,2017-05-07,0.0
697,2017-05-14,0.0
698,2017-05-21,113.99410618931682
699,2017-05-28,92.6273077935199
700,2017-06-04,0.0
701,2017-06-11,0.0
702,2017-06-18,83.0249072056259
703,2017-06-25,0.0
704,2017-07-02,0.0
705,2017-07-09,0.0
706,2017-07-16,0.0
707,2017-07-23,145.7278257419118
708,2017-07-30,0.0
709,2017-08-06,0.0
710,2017-08-13,0.0
711,2017-08-20,0.0
712,2017-08-27,301.2841724327767
713,2017-09-03,0.0
714,2017-09-10,0.0
715,2017-09-17,142.44023876382983
716,2017-09-24,0.0
717,2017-10-01,137.56778506822687
718,2017-10-08,0.0
719,2017-10-15,74.14435666092557
720,2017-10-22,309.25589410719823
721,2017-10-29,0.0
722,2017-11-05,0.0
723,2017-11-12,0.0
724,2017-11-19,0.0
725,2017-11-26,0.0
726,2017-12-03,0.0
727,2017-12-10,0.0
728,2017-12-17,0.0
729,2017-12-24,220.70836468992945
730,2017-12-31,0.0
731,2018-01-07,0.0
732,2018-01-14,0.0
733,2018-01-21,0.0
734,2018-01-28,0.0
735,2018-02-04,0.0
736,2018-02-11,191.38535962329553
737,2018-02-18,0.0
738,2018-02-25,0.0
739,2018-03-04,0.0
740,2018-03-11,0.0
741,2018-03-18,0.0
742,2018-03-25,0.0
743,2018-04-01,0.0
744,2018-04-08,0.0
745,2018-04-15,0.0
746,2018-04-22,0.0
747,2018-04-29,0.0
748,2018-05-06,116.87684737631265
749,2018-05-13,0.0
750,2018-05-20,0.0
751,2018-05-27,0.0
752,2018-06-03,90.73213423654222
753,2018-06-10,0.0
754,2018-06-17,0.0
755,2018-06-24,93.1024828413122
756,2018-07-01,0.0
757,2018-07-08,0.0
758,2018-07-15,0.0
759,2018-07-22,0.0
760,2018-07-29,0.0
761,2018-08-05,0.0
762,2018-08-12,0.0
763,2018-08-19,0.0
764,2018-08-26,0.0
765,2018-09-02,0.0
766,2018-09-09,0.0
767,2018-09-16,101.05617883390634
768,2018-09-23,0.0
769,2018-09-30,0.0
770,2018-10-07,0.0
771,2018-10-14,81.68082879333721
772,2018-10-21,0.0
773,2018-10-28,0.0
774,2018-11-04,0.0
775,2018-11-11,0.0
776,2018-11-18,185.4942988606488
777,2018-11-25,0.0
778,2018-12-02,83.70899580437154
779,2018-12-09,133.45752931260378
780,2018-12-16,0.0
781,2018-12-23,0.0
782,2018-12-30,0.0
783,2019-01-06,104.71651174128306
784,2019-01-13,0.0
785,2019-01-20,0.0
786,2019-01-27,0.0
787,2019-02-03,0.0
788,2019-02-10,0.0
789,2019-02-17,0.0
790,2019-02-24,82.39133416779396
791,2019-03-03,0.0
792,2019-03-10,0.0
793,2019-03-17,0.0
794,2019-03-24,125.70363805481664
795,2019-03-31,0.0
796,2019-04-07,0.0
797,2019-04-14,0.0
798,2019-04-21,0.0
799,2019-04-28,0.0
800,2019-05-05,0.0
801,2019-05-12,223.72526366963763
802,2019-05-19,0.0
803,2019-05-26,0.0
804,2019-06-02,207.35599221120017
805,2019-06-09,0.0
806,2019-06-16,0.0
807,2019-06-23,0.0
808,2019-06-30,0.0
809,2019-07-07,0.0
810,2019-07-14,0.0
811,2019-07-21,126.61383162663974
812,2019-07-28,135.4572267679692
813,2019-08-04,0.0
814,2019-08-11,0.0
815,2019-08-18,186.49445638789456
816,2019-08-25,0.0
817,2019-09-01,0.0
818,2019-09-08,0.0
819,2019-09-15,0.0
820,2019-09-22,0.0
821,2019-09-29,0.0
822,2019-10-06,0.0
823,2019-10-13,80.83016192842311
824,2019-10-20,0.0
825,2019-10-27,0.0
826,2019-11-03,0.0
827,2019-11-10,0.0
828,2019-11-17,89.57397141686695
829,2019-11-24,0.0
830,2019-12-01,0.0
831,2019-12-08,0.0
832,2019-12-15,0.0
833,2019-12-22,0.0
834,2019-12-29,0.0
835,2020-01-05,76.9288084579623
836,2020-01-12,0.0
837,2020-01-19,0.0
838,2020-01-26,0.0
839,2020-02-02,67.02013238607003
840,2020-02-09,0.0
841,2020-02-16,89.10845746112271
842,2020-02-23,0.0
843,2020-03-01,72.20960859618526
844,2020-03-08,0.0
845,2020-03-15,134.39764299585343
846,2020-03-22,212.95333703142592
847,2020-03-29,0.0
848,2020-04-05,0.0
849,2020-04-12,0.0
850,2020-04-19,0.0
851,2020-04-26,0.0
852,2020-05-03,0.0
853,2020-05-10,0.0
854,2020-05-17,0.0
855,2020-05-24,0.0
856,2020-05-31,0.0
857,2020-06-07,0.0
858,2020-06-14,0.0
859,2020-06-21,0.0
860,2020-06-28,0.0
861,2020-07-05,0.0
862,2020-07-12,0.0
863,2020-07-19,0.0
864,2020-07-26,183.8578192316099
865,2020-08-02,165.43195226709958
866,2020-08-09,0.0
867,2020-08-16,0.0
868,2020-08-23,0.0
869,2020-08-30,0.0
870,2020-09-06,0.0
871,2020-09-13,0.0
872,2020-09-20,0.0
873,2020-09-27,0.0
874,2020-10-04,189.17796902801396
875,2020-10-11,168.7266699731965
876,2020-10-18,0.0
877,2020-10-25,0.0
878,2020-11-01,145.23514359312148
879,2020-11-08,0.0
880,2020-11-15,0.0
881,2020-11-22,0.0
882,2020-11-29,101.72695293008978
883,2020-12-06,0.0
884,2020-12-13,206.07120745665884
885,2020-12-20,0.0
886,2020-12-27,0.0
887,2021-01-03,0.0
888,2021-01-10,0.0
889,2021-01-17,0.0
890,2021-01-24,0.0
891,2021-01-31,0.0
892,2021-02-07,0.0
893,2021-02-14,0.0
894,2021-02-21,0.0
895,2021-02-28,0.0
896,2021-03-07,0.0
897,2021-03-14,0.0
898,2021-03-21,0.0
899,2021-03-28,0.0
900,2021-04-04,0.0
901,2021-04-11,0.0
902,2021-04-18,0.0
903,2021-04-25,0.0
904,2021-05-02,0.0
905,2021-05-09,0.0
906,2021-05-16,0.0
907,2021-05-23,0.0
908,2021-05-30,0.0
909,2021-06-06,0.0
910,2021-06-13,89.4601247204387
911,2021-06-20,0.0
912,2021-06-27,0.0
913,2021-07-04,0.0
914,2021-07-11,136.25360731250575
915,2021-07-18,0.0
916,2021-07-25,0.0
917,2021-08-01,0.0
918,2021-08-08,0.0
919,2021-08-15,0.0
920,2021-08-22,0.0
921,2021-08-29,0.0
922,2021-09-05,0.0
923,2021-09-12,0.0
924,2021-09-19,0.0
925,2021-09-26,0.0
926,2021-10-03,0.0
927,2021-10-10,0.0
928,2021-10-17,142.8488785460687
929,2021-10-24,0.0
930,2021-10-31,0.0
931,2021-11-07,0.0
932,2021-11-14,97.45544452771476
933,2021-11-21,0.0
934,2021-11-28,167.53789288627416
935,2021-12-05,0.0
936,2021-12-12,121.35848636497491
937,2021-12-19,0.0
938,2021-12-26,0.0
939,2022-01-02,0.0
940,2022-01-09,102.74111515661765
941,2022-01-16,0.0
942,2022-01-23,0.0
943,2022-01-30,0.0
944,2022-02-06,0.0
945,2022-02-13,79.20484395468226
946,2022-02-20,0.0
947,2022-02-27,0.0
948,2022-03-06,0.0
949,2022-03-13,0.0
950,2022-03-20,0.0
951,2022-03-27,82.18013912402627
952,2022-04-03,0.0
953,2022-04-10,0.0
954,2022-04-17,0.0
955,2022-04-24,0.0
956,2022-05-01,0.0
957,2022-05-08,0.0
958,2022-05-15,0.0
959,2022-05-22,76.80467423272799
960,2022-05-29,0.0
961,2022-06-05,0.0
962,2022-06-12,0.0
963,2022-06-19,0.0
964,2022-06-26,0.0
965,2022-07-03,0.0
966,2022-07-10,169.35590846394535
967,2022-07-17,0.0
968,2022-07-24,0.0
969,2022-07-31,0.0
970,2022-08-07,0.0
971,2022-08-14,0.0
972,2022-08-21,181.65337743732417
973,2022-08-28,0.0
974,2022-09-04,0.0
975,2022-09-11,0.0
976,2022-09-18,79.9852496389889
977,2022-09-25,0.0
978,2022-10-02,0.0
979,2022-10-09,0.0
980,2022-10-16,0.0
981,2022-10-23,0.0
982,2022-10-30,134.3917768454263
983,2022-11-06,0.0
984,2022-11-13,80.48209392863971
985,2022-11-20,0.0
986,2022-11-27,153.98283471443926
987,2022-12-04,459.8681455742369
988,2022-12-11,0.0
989,2022-12-18,0.0
990,2022-12-25,0.0
991,2023-01-01,0.0
992,2023-01-08,0.0
993,2023-01-15,0.0
994,2023-01-22,0.0
995,2023-01-29,0.0
